Name;sending_address;receiving_address;amount;transaction_type;ip_prefix;login_frequency;session_duration;purchase_pattern;age_group;risk_score;anomaly
T1;0xee6e1f1dcdee441d29f0ded1a7ea8d395c6e21d4;0x153878e6d9c2eaf0db66336b6bc0d378b87789da;404.7411109;sale;172.16;7;138;high_value;veteran;52.5;low_risk
T2;0x86efca58ed0ee25e7d39d38d931bd8c033cf35fc;0xbc0e27ae9893a5e85565ece8bb5d44d879942925;1211.437446;purchase;10;3;79;focused;established;31.25;low_risk
T3;0xf0ba37ff365ef1a8a704306014f088a6bd744572;0x209a08b9bc74dafa621732c304249d8452a20a87;163.9047099;sale;10;6;96;high_value;veteran;50;low_risk
T4;0x7ccc4627873db3b71960e0cc7814d2f951d6e287;0x4e146e3c800bb3000f80a7ac3c07df940775b8bd;460.4187137;transfer;172.16;5;41;focused;established;15.75;low_risk
T5;0xb69b3912979ac2571f86843000a21c6c5ce84342;0x3648f18c7f11b9a825dace72fcac5f275755bc18;767.1009572;purchase;172;3;76;focused;established;31.25;low_risk
T6;0xa227d34be0aa0038ae39f7e698f55ac5150df652;0xb64d5244310bc31b0b17bbacba340bcd47456e14;20.40410167;transfer;172.16;3;49;focused;established;15;low_risk
T7;0xeb2035997ebf485b50d85f3337e1116e5a105f77;0x48eb702c946f836bbcbbb19285e352e88b30e9c4;844.455918;sale;192.168;7;97;high_value;veteran;62.5;moderate_risk
T8;0x05a410a3b94fd42a8505c6a3f8ef871efe8d1f38;0x2a42acb51e41e4e817225bd67c16bcfe63487536;607.6563551;purchase;172;3;65;focused;established;26.25;low_risk
T9;0x2bd88084252b1f063e8198ac38ed374720951c6a;0x36e6b16f3c641a903e02fa5d002077ff7d2e09ec;609.6168119;sale;172.16;8;99;high_value;veteran;52.5;low_risk
T10;0x9f5229f47625e8dbe5a473ac189e6f376f644745;0x98cf46ad000046c94367f312ee24c8297c60e1d4;237.0841511;transfer;192;6;83;high_value;veteran;35;low_risk
T11;0xef2a609fa737236b6bfa3d9a7bcde22c7c59c80a;0x3a4a096e18d69bdc5cfd2505c45b019f34b323eb;401.6698109;transfer;172.16;5;44;focused;established;15.75;low_risk
T12;0xa24d3657c13f26c04c8a393cbcc12705d6ac8abf;0xd620eeb117bf8e6ebfb7c8d0df00583a1d72fe43;548.3743809;purchase;172;5;45;focused;established;26.25;low_risk
T13;0x6d276f36f2f21d44f048bc4488dde11cb0fd3a0d;0x905c58bd08384496022948bde9d2a31a2cafb958;380.3331011;transfer;172.16;1;35;random;new;26.25;low_risk
T14;0x60e69251a33fe222ea67c6f5769cb803ebb9c77c;0xbc9bc0162fe1ef6624c4f9ea0139576e7407a99d;900.9273341;sale;192.168;6;146;high_value;veteran;62.5;moderate_risk
T15;0xaab8f65bc1ec750c420ca9ecb5b53c918adbf64c;0x4bbd884ec5e7aa4a77600429b3afd91a5146899d;712.3499004;sale;192;6;84;high_value;veteran;62.5;moderate_risk
T16;0x8b9a98d8a94ff4b0bd58c63e23b2f84305f14643;0x7ac4328b7d9a16be3d0b392ca31129740f3db79a;438.0445202;sale;172;2;20;random;new;42;low_risk
T17;0x9f4cf7ea4bae2fce7ad3c1fc8fa17e901e3cc732;0x81869cf94beea3021b94269ad41ed0b69fedae2f;320.203055;purchase;192;4;67;focused;established;26.25;low_risk
T18;0x6c07eb5281eb58b6266436678b7497a9d986b46c;0xf54bbc643ab9f5d23a995afb9aa0d1f523b5d3dd;296.057936;purchase;10;4;45;focused;established;25;low_risk
T19;0x28b4fd95f749cea7ac41fe7fdd5cecb91bc62358;0xf0e80668db1a0cab45c3f87d9032d62cd8e2e35b;707.315189;sale;10;8;99;high_value;veteran;62.5;moderate_risk
T20;0x0bdc9e8dd3cf34b207a2f547f45a23e5808d84fb;0x7a8ee352be59203fb99e874c83a6c70b23a22557;457.0246127;transfer;192.168;7;133;high_value;veteran;36.75;low_risk
T21;0x6e7db20cc31c964b490639b35b9d3e8480de395d;0x5c05ee9cad8fd091f1ceb5c6fa2a52794abee9c1;452.5587759;purchase;192.168;2;23;random;new;36.75;low_risk
T22;0x96f1cb7cb61b1f19f7c839f7280a0acae8f391b2;0xb9c16f73132ef6a9d6f790db5031ace40b0d7a24;902.026396;purchase;192.168;5;49;focused;established;31.25;low_risk
T23;0x068b2d763fa2b7bf7df1bbe747ce65665450be98;0x02af9102a2b6e8fc4dbfc65e7d9280f732374fb3;424.1578697;purchase;192.168;2;20;random;new;36.75;low_risk
T24;0x8512eac332a2305f0b93e8217e056bea1a0ed617;0x463667453bef14157dc8fc348fcec7b01c6a71ea;119.6802247;purchase;10;2;21;random;new;35;low_risk
T25;0x4ee64b1d1704498a40940040f28c6109d5b9c1ce;0x3f54c944ac2c388bf5f72592465a502dd126f6b8;392.3085405;transfer;172.16;7;147;high_value;veteran;36.75;low_risk
T26;0x91f9800a9869e0b83a63f73f08700ecffabdf427;0x932f4f173bd5ab6c893b89463ee84455b0235021;550.353989;purchase;192;4;48;focused;established;26.25;low_risk
T27;0x5b3c5463ae5bf4fd8338260e11e1f54423747434;0x315d5aee59cd8b2501e121cb1cb82cd6eb811862;647.785638;sale;192;1;21;random;new;42;low_risk
T28;0x184f014cee545032c6b97c4906e6a611047c3395;0xddcebe29f4cc7155a2ffdc3b593a04c411760cb0;333.8254142;sale;172.16;6;106;high_value;veteran;52.5;low_risk
T29;0xbd9407cd80008ab4ef633025b88e403af9e01386;0xc338a59961876d08d5200833c2d77192a10716d0;323.0550189;scam;192.168;1;24;random;new;94.5;high_risk
T30;0x8ca22b169ae66648e5a4d155473ef2940fc50f10;0x94ed0de7f781533e80fc25a29c1b613eaf01ac62;46.85703077;purchase;172;3;57;focused;established;25;low_risk
T31;0xef361793cd6573a2ea89fb9913efb850fa5430f0;0x79c40a2f24b14341b8eca580df4702b5748343fc;864.2032141;purchase;172;3;45;focused;established;31.25;low_risk
T32;0x5e4e42896f728d26e082a809e01c5f446f573309;0xd9ee63d5fc24891ae67bd98466bc147e330f8587;789.1143427;sale;192.168;8;88;high_value;veteran;62.5;moderate_risk
T33;0x29a259eef1838e78ad50c54440303e76c80dc888;0x897c07cac7f9149d0be00903c55d810f6e42c9cc;632.7349365;sale;192;1;34;random;new;42;low_risk
T34;0x521555c6d355ef9d5baaf2f93da53ce306920ec8;0x0cf5993973e860bb267f2bd92583f94e02359fff;768.7254281;purchase;10;5;69;focused;established;31.25;low_risk
T35;0xccf9d76cad446e4141cd7881b2da7caec870faca;0x70206743a23a52487e5e7c3992390e879da6e40e;739.7599611;transfer;192;5;73;focused;established;18.75;low_risk
T36;0x862d4927565384533339137fbc0f18a71f33d291;0x74403034b79c5a0ad26726c04e5babff417accc3;507.3085988;sale;192.168;8;158;high_value;veteran;52.5;low_risk
T37;0x450961bd132ac583481d46c9f47ee5518b90f1fa;0x8bb17b6e4e712ec98a3696d6edfa119452312082;395.8843134;sale;192;7;137;high_value;veteran;52.5;low_risk
T38;0x29c8e4fc4a6e6b75c64fed03262b7baffc75895c;0xdc8b9daa7a8f4fc54e642e35b2e677b859592c9a;615.5224237;transfer;192;4;73;focused;established;15.75;low_risk
T39;0x8ac3b7bd531b3a833032f07d4e47c7af6ea7bace;0xc4e8600d5e8b478caf4443955369b48d72d00719;668.3268541;purchase;192;3;79;focused;established;26.25;low_risk
T40;0xdaa3b612ec43889174efd50ccd29f090c52e4623;0xe350063f2b058064a0a9eeafb5d8b35df290bf6b;1165.057767;purchase;192.168;3;77;focused;established;31.25;low_risk
T41;0x027d34ed81d38dfc2c8de3f5f05132aa931d25a6;0x5c8021555372072c06d7502bc771869b52b20f32;563.2274943;sale;192;8;131;high_value;veteran;52.5;low_risk
T42;0xfc04d6b9f1f90cd8e4ad527db0bd5df6f1c78516;0x908418cf209864ca683aafd249bcb06ce183ce95;423.4345529;sale;192;8;105;high_value;veteran;52.5;low_risk
T43;0x26d5acc92d58460a18ad3d70ff1ccb23ea3a06aa;0x36610d6083e60d1f8ea9650803ad6fb88533672d;514.2473882;purchase;172.16;3;72;focused;established;26.25;low_risk
T44;0xbca3904950d9c5b24dfb8f65cf9c0f9dc32f4044;0x2aaacc0aea1c222a20df0b2ec63addef59f16d56;308.4750384;transfer;10;4;73;focused;established;15.75;low_risk
T45;0x7546f7d1e51eb729ddc78a924c293371ae3c5e53;0xef361793cd6573a2ea89fb9913efb850fa5430f0;1101.967585;sale;192.168;2;25;random;new;50;low_risk
T46;0x4aded6354057f6dce65007b591c343ff718a42e8;0xba786f8ea9c1474ee19f8b9792fce16bf25ed6ee;728.9959005;sale;10;7;150;high_value;veteran;62.5;moderate_risk
T47;0x327e678f2948de6540db98a7aa44d56f3e81c007;0x3b75389434568344536f3327cc27c684f86a936d;310.5173164;sale;192;8;101;high_value;veteran;52.5;low_risk
T48;0x606f05a1561d08e29f4a943e6b2c48469172c12a;0xf8455a61277886b577be973b0401a1fb3ded50e6;386.3166341;transfer;172;5;77;focused;established;15.75;low_risk
T49;0xf24dd92ee52bb0de1bab87766a4a3f1c17b2c4d9;0xefa80dd3412b8df827a9f83a87bba09cfb926e62;204.0770999;transfer;192;6;92;high_value;veteran;35;low_risk
T50;0x4298b9e3e4b03692cdca44c4131f8a976bab6844;0x5b3f6ba7212a0fb20ae4459e9ffae3b9caa95e91;191.1244329;sale;192;1;35;random;new;40;low_risk
T51;0x32426fc2964548bc62a15bd06219b6f56df70c8d;0x0496b829a3ede37a92aa2b9b101549ed23018cb8;350.3620807;transfer;192.168;8;108;high_value;veteran;36.75;low_risk
T52;0xe61fce77abc7e2b68c3e22741d34b853f76ad7aa;0xefd944a8b19989fc05e41a3be3a5125c55f2486b;969.6902549;transfer;172;2;28;random;new;31.25;low_risk
T53;0x9aae2a9d1f85990c818365c1df71ea305ad0cef0;0x3958af9464f525fbe07d66ccfcde7728dcbe6f28;412.461868;sale;192.168;1;31;random;new;42;low_risk
T54;0x843edcd028b934def2fe178caf7f32756f4beff2;0x581541b72312595312d1cdd78ceaa40968f2cd35;770.6553637;transfer;192.168;4;74;focused;established;18.75;low_risk
T55;0x4192c7c7a4e9f8b0e88c21b2552f62edce000afb;0x4bfe6fa35149db081520aea5e503946572718756;552.2154244;transfer;192;8;84;high_value;veteran;36.75;low_risk
T56;0xa1f214ac84f415a7f70cde1c339f376952f3f787;0x6c201eeced4f16a767802b0e21ceee959e0e3793;338.7407443;transfer;172;5;46;focused;established;15.75;low_risk
T57;0x231dd8e2959e878a59a26ebdbf6f7d122403f350;0xb52a1c71ffa5252b865e3e7e885f0d74b4984d60;791.3487519;purchase;172.16;3;53;focused;established;31.25;low_risk
T58;0xe6cf0f869bd0fe0bad3f64952f43ab142c679a1d;0x7cadcf96eec22cc067063b96ab4f6cb996d391ec;387.896913;purchase;192;4;55;focused;established;26.25;low_risk
T59;0xf5508594b7072b405c6278a083cf3ab2cfc67670;0xb2e2e656aaaaa0edf8a448d9a2cb6ea1d0cb6860;973.128188;purchase;172.16;3;48;focused;established;31.25;low_risk
T60;0xc3b34de3e302dc5c357c9647b1bd223eea847ff5;0xd08041262c12eb441ffb76d90aac6bbd4ead64f9;458.8029091;purchase;172;5;51;focused;established;26.25;low_risk
T61;0xb1ccf0d27bb3e844bb692e2577089b2f822d5aad;0x62df92f5b693043eb241c9bedb1b8ee1d1c218d4;165.2707222;sale;192;2;31;random;new;40;low_risk
T62;0xf5ba247c1e27c15c178196eecef4a8b2b6229e57;0x1a8b3576dbb37054b202227f168fa3a10079fa5f;388.8852361;sale;192.168;6;129;high_value;veteran;52.5;low_risk
T63;0x29d23a1aabb9b1cbe0db109da0422ee53f160075;0xe18c5ae9360a2738e941c6790d5a436f9cd0ca43;722.316865;sale;172.16;8;90;high_value;veteran;62.5;moderate_risk
T64;0x1c97c1271760b2619b6b29b289fc53a44dcb5b12;0xfff61889339b01858cc0b3034ecc59aa7f47db25;797.6666675;transfer;192;7;98;high_value;veteran;43.75;low_risk
T65;0xb00cb4635987b6c1cc415d8912480bd8f350e1c9;0x7bb7a3934a45a87497deb509d07cc093b30c8bc4;637.1040793;sale;192;7;107;high_value;veteran;52.5;low_risk
T66;0x6fc2237d1414b0d8901973a0428e5998421f589f;0xb2c0119eea2cbe76b869535065bd2e60882d07a8;496.4992016;purchase;172.16;2;31;random;new;36.75;low_risk
T67;0xdc3c375ebad13419c6e1c9637582390978326f30;0xcd19a8ffd47a6358b4eaa3ba2dfd223f6c3e91aa;628.1353518;sale;172;6;145;high_value;veteran;52.5;low_risk
T68;0x3f245b9e76a8849894c5f081562dbb927bb1face;0x9e93530df033899e6334d6941e67a24f7ba6c5ea;312.2499588;purchase;192;4;41;focused;established;26.25;low_risk
T69;0x4bd5c53982cf7cfa4ae61e8a47f591df33469b3e;0x0fc6f0d2891ab6826ce662b4c61b5842538070dd;330.8238333;sale;192.168;8;152;high_value;veteran;52.5;low_risk
T70;0xd8479d657103d9ae212926d438deb5555bcbf24f;0x13d92b018a9df83afae540116c72f665e89786e8;545.5587418;purchase;10;4;45;focused;established;26.25;low_risk
T71;0x088005dc13fff2c1750bb10901962fcaba77fbc2;0x228ac02391128bae7afd87e0b4de6a7706b44b72;845.4494379;sale;192.168;7;135;high_value;veteran;62.5;moderate_risk
T72;0x5f9d5fbe5b47a3ba95cefcb8c7df49d46f5bd89b;0x231dd8e2959e878a59a26ebdbf6f7d122403f350;857.416255;sale;172.16;2;39;random;new;50;low_risk
T73;0xc095e28960f2e4078176b3191a65f59944070cfa;0xf7ced5864bb1ecac8f73fed187dbb215b35127fe;47.71589742;transfer;172.16;2;28;random;new;25;low_risk
T74;0x18ca211b4cc7a9d06b45a0bda9dee282aca47f06;0xd78dd09a57b641997c2f1e3ab3712fdea9ad4858;566.6720354;transfer;192.168;2;22;random;new;26.25;low_risk
T75;0x5228fdaad4a4db8eef769aa65059383a2d915068;0x21e1b7e0a2dae8d5126049ddfddced3d2d8941f6;851.365231;purchase;192.168;3;60;focused;established;31.25;low_risk
T76;0x1fc898379ddd2bde90b4cb4b89b48d39f90b0196;0xf180daa7933401b3968d63c46f57b781f19a6829;813.9966947;purchase;192.168;5;62;focused;established;31.25;low_risk
T77;0xd2cff98e8e707049db92500414fec6f0bb5c895c;0xa0a19623fa75eae2eae5d45eb115574d6aee9390;724.4741587;sale;172.16;6;143;high_value;veteran;62.5;moderate_risk
T78;0x6ca5002038d78cb7c3cd12457c13273e0182c46d;0x794d36a3b1eaa49b97ea4e3b52aca37977e916c6;695.7018259;purchase;172;1;39;random;new;36.75;low_risk
T79;0x0216eabb3496a5f88b1e399ad067fcbcc6889a48;0x0922551b82d68b41c8f1e99582480cc5acb28ce0;549.1683129;scam;192.168;2;39;random;new;94.5;high_risk
T80;0xb4fe06ec45cc3c2dfac0ad50bc5edc5d75bb9f3c;0xdda7960a274187f8aa0ae1737a6aa9342b244f2f;403.0155715;sale;10;8;137;high_value;veteran;52.5;low_risk
T81;0xddcebe29f4cc7155a2ffdc3b593a04c411760cb0;0xdb53cb7e6d171afff8201f72ec4ce4811fe507a8;506.3978393;transfer;172.16;1;26;random;new;26.25;low_risk
T82;0x6f2dfcbd63a4706693d116c76d2b2894b2a604e7;0xc7bdf2bdc064310896794a9cd1db8eef07ffc32e;355.4880132;phishing;10;1;39;random;new;100;high_risk
T83;0xc650a36cc875e1672ae1c8191f27b6b9d8929100;0x16dfa2c3b52aae5eaaccd191fa7d2849e6dd4210;909.1151747;purchase;172;3;68;focused;established;31.25;low_risk
T84;0xeda47c81c0f873dc52cedda6d95aba05be8b8eef;0x5c4f4e14c057359a61fd18fcd2cefc0bbf854f7a;484.3952743;transfer;10;2;21;random;new;26.25;low_risk
T85;0xd37c6b8b5c6d362ee4ba439ddca3056f880cdd3e;0xa608f7958061ae8498d73aa0d8f6f5e8f51135ae;814.5360791;purchase;172.16;4;50;focused;established;31.25;low_risk
T86;0xba786f8ea9c1474ee19f8b9792fce16bf25ed6ee;0x347a7c61d655e72cb3230b6b964c52f070d887ef;177.7821253;transfer;192;4;40;focused;established;15;low_risk
T87;0xfc04d6b9f1f90cd8e4ad527db0bd5df6f1c78516;0x908418cf209864ca683aafd249bcb06ce183ce95;488.5492277;purchase;192.168;2;34;random;new;36.75;low_risk
T88;0xbb42bf0e506e316ebb4333c14c28b97054e60d87;0x2c3cfb5537f82b3baf41b0869f20b66f47d57c23;265.0097962;purchase;192;4;44;focused;established;25;low_risk
T89;0x13eee864beb2f1d95913a546a41c16f94a689d42;0x153878e6d9c2eaf0db66336b6bc0d378b87789da;537.5630828;scam;10;2;27;random;new;94.5;high_risk
T90;0x228d70f9826d31987fa8c873d056a78ed20bbf54;0x5ae90e54815798b7f1056cc01a38978d40a71d95;361.3191177;transfer;172;5;60;focused;established;15.75;low_risk
T91;0x437f9aab33bbe43482bed14c5eeb9d101a9532db;0x5c46b264ca2c7a9c96bcbcd72fd6b130464cc3d2;725.407379;purchase;192.168;3;54;focused;established;31.25;low_risk
T92;0xeb1ace6be0f69e1b5bcc0127d3f0d338b5c7fc8a;0x6052ba813476bc1a645b8aefd506802aaf80fff5;254.2314581;transfer;10;6;153;high_value;veteran;35;low_risk
T93;0xd7a497194fc58cee9ae09834095ff4aece737472;0x99464ee24511467e2d973b19a8f0d9a294a78b15;358.9290196;purchase;192.168;3;56;focused;established;26.25;low_risk
T94;0xb8c13fd4ed4032e9499c4cdd0a2615b42a0266d8;0x340a612e7bcc42ec1ec46f9d88eb795973e532f0;214.7586993;sale;172;8;138;high_value;veteran;50;low_risk
T95;0xf1ae80c9d851e77bf75454d20a68ff50749842e1;0x2c3cfb5537f82b3baf41b0869f20b66f47d57c23;556.464424;sale;10;8;150;high_value;veteran;52.5;low_risk
T96;0xe0b340171486b08f0c1f4ac607ed776478cefd2b;0x6bb10ea56f57488625e375165d8df04daae24cd8;488.4338518;purchase;192;4;41;focused;established;26.25;low_risk
T97;0x027d34ed81d38dfc2c8de3f5f05132aa931d25a6;0x2b2fa77928066e722ab488eb396ab21bfb116cbb;311.8422213;sale;192.168;1;37;random;new;42;low_risk
T98;0x11f40ae67f6b648e8b4bbc2d1a04c665214f7d25;0xdfcf8b5b073a499a0954b104d4eff01bce8c54ce;761.422165;purchase;10;4;47;focused;established;31.25;low_risk
T99;0xc5667fd8669fa78733a55432d34ab0f47ab23fe5;0x1a4c7d97186ff35d20040328e9eb517a507dfe39;618.5806997;transfer;192.168;1;20;random;new;26.25;low_risk
T100;0x086339449d673e74e79553e92be7bab5dacf53cb;0x3bd221ff4c54bb0e4feda3217197acdb70f7514d;598.8049097;transfer;192.168;4;53;focused;established;15.75;low_risk
T101;0x9de9fc6bb19bf6cc1f68f6c9bc3cf55d0e175b84;0xb10f08393f28f97566ae467a3eb41a2425b9eb5d;827.9488806;purchase;172.16;4;48;focused;established;31.25;low_risk
T102;0x5252cf71b85111a0c20d64dd0b60ec28251b0dec;0xae279cb05be4e71b64af9867522bb0d824593e5d;268.8778397;transfer;192.168;3;62;focused;established;15;low_risk
T103;0x7119230b210f7ecc004c21fcdbb44925c60d2145;0xf43549f7f704c22ac00b2201f9dad1493290a535;601.6909243;sale;192;6;97;high_value;veteran;52.5;low_risk
T104;0x5252cf71b85111a0c20d64dd0b60ec28251b0dec;0x1a67dee0c5f74f0908b7f6fe7b28f445b390cef1;509.386052;sale;192.168;8;87;high_value;veteran;52.5;low_risk
T105;0xf6511ed068459cab3225fb900437fdfae446e53a;0x69e758587e917bebe6d8033afd4fadec04336eb0;668.0156767;purchase;192.168;4;79;focused;established;26.25;low_risk
T106;0x37075fc63c7e487ab7f09b831952780f1fe221ef;0x62a08fb25dd44f8c7e6150fd79773793d311f43a;194.9839159;purchase;172.16;1;37;random;new;35;low_risk
T107;0x003ebce509d14e6252dc14c35beb43d2dc52f35c;0xdfa8523a0fbc3dfeb30d2aab86f0b22f4afeb25c;493.3622793;purchase;192;2;34;random;new;36.75;low_risk
T108;0x70faa05293c3896645ec5d280acae482e09d93ef;0x930dc6cad87358b5b8bf59957e8c6705c8bbb36f;702.5265105;phishing;172.16;2;26;random;new;100;high_risk
T109;0xa086902ca6e836e1aaeeb6efe4e24350fb0e2401;0x43df04a143610c5b02716898b66ac46be672fe72;346.8361974;sale;192.168;8;141;high_value;veteran;52.5;low_risk
T110;0x80dbc2b0537d0b95d33a9b1113b956ed0b07ea77;0x6052ba813476bc1a645b8aefd506802aaf80fff5;252.9352838;scam;172.16;1;25;random;new;90;high_risk
T111;0x0ed9a86e19a3eb8081c036e7bc9e51f4c835c9c2;0xda9e7e0931d79edcb666d3b0e7b12f8bad18201c;163.2315907;purchase;172.16;5;76;focused;established;25;low_risk
T112;0xe0194b2da8b9504f85a39a1b07ad9faabf7d1244;0xcc45da3fe17aca6662b9ae9699183f8132ac619e;113.3251473;transfer;192;5;42;focused;established;15;low_risk
T113;0x98d04db467e7d2186281b90084ace88d84ac2871;0x47cf24d6cc396f2377ab8cc1e91a0358b7b4f9b5;819.4478142;sale;10;8;83;high_value;veteran;62.5;moderate_risk
T114;0x002bcd751410a69b3bce463890abb2fcab81a755;0xb507932588c5ecc8cc77491f8495ffec932004f8;420.8898918;purchase;192.168;3;41;focused;established;26.25;low_risk
T115;0xd51a0bcc88d3b635cdd4a90e52fcfa56c2e1f0ca;0x5ed6dee88c12488a9b37eb81b82612f21b264eff;441.4738415;transfer;192.168;7;132;high_value;veteran;36.75;low_risk
T116;0x96dc7bedd80689a0f9e08531ede484b0004b2819;0xe3cba2dd0c1ab1419e3ebdb5babf2f18ec065807;196.8586972;purchase;192.168;2;20;random;new;35;low_risk
T117;0xbf8070e49fd144048c3c13fa0cb14d136252c0c9;0x657d302f6215a1e6ac402ea251013b9a30e90fc5;670.5453456;sale;172.16;2;24;random;new;42;low_risk
T118;0x1d132c165feddfa72ab5fca8b7dfa522efb53a56;0x559b92a49a06bac3e9e2891e6970db6e572ef3cd;952.7997405;transfer;172;7;136;high_value;veteran;43.75;low_risk
T119;0xb868264bcfabdbfc128d86cd1230dea907c75bf6;0x027d34ed81d38dfc2c8de3f5f05132aa931d25a6;512.7302328;transfer;10;2;26;random;new;26.25;low_risk
T120;0xaa9eab5bc49fd4ff7319f0c2342c296c4039ff07;0x6c201eeced4f16a767802b0e21ceee959e0e3793;1051.559973;sale;172.16;6;157;high_value;veteran;62.5;moderate_risk
T121;0xa8ccfe0c54be603d32019f3a9fe41091b260971f;0x85325abae53326a0850a742bbd664db8ae29d3b9;351.1667399;transfer;192.168;2;39;random;new;26.25;low_risk
T122;0x34c4b40b4d2de865b2845b4583d2b5835b9ad195;0x9e93530df033899e6334d6941e67a24f7ba6c5ea;433.0186525;transfer;192.168;4;71;focused;established;15.75;low_risk
T123;0x3eb68b3538b68085f25e2b0f3b8f1d2061399b50;0x6dba1e7e4b028ae707ef8cd599ccc7ef81971cac;746.1524673;purchase;172.16;3;77;focused;established;31.25;low_risk
T124;0xa683c571aed0b085df44ebe1384339bdcb60d5b5;0x3b97678102e04c3e6a3b63d960a48230e0d979e6;339.6949226;purchase;10;4;40;focused;established;26.25;low_risk
T125;0xc2bc23a6310f61a0dae6e65c20d02cbed5df2883;0x066d579091ce669f3f1911b7e5b1531f9dcd5777;366.8376566;purchase;192;5;53;focused;established;26.25;low_risk
T126;0xbcbcacf1f2e151263e3890da058f6fa2b7b881d9;0x0fc6f0d2891ab6826ce662b4c61b5842538070dd;429.149247;purchase;10;5;75;focused;established;26.25;low_risk
T127;0xa33cfdefae7aaec4327dfb8e270d56e0fbd4cdf2;0xddeb20c701d3dc5af1d356db0fd4bc37f1282e1d;453.2838873;transfer;172.16;4;59;focused;established;15.75;low_risk
T128;0xccbf5a9926606c77db8391185066a8ee3bc0a2af;0xe988c951e78b284f9105c35c001b8ff0fd39bcc7;450.1396143;sale;192.168;6;114;high_value;veteran;52.5;low_risk
T129;0xa61219986994faa88f77140820ed84e4dd936ea9;0xdc3c375ebad13419c6e1c9637582390978326f30;736.0349134;sale;192.168;7;132;high_value;veteran;62.5;moderate_risk
T130;0x5b3f6ba7212a0fb20ae4459e9ffae3b9caa95e91;0xc16838071bd498347aab8cc742473568eb5249fd;0.01;sale;172.16;6;93;high_value;veteran;50;low_risk
T131;0x63fdba900f030424b4b6e4751471596bb82c5c86;0xe1c7f902df458284a00edeca77c7e65b091c6855;137.1628959;transfer;172;5;45;focused;established;15;low_risk
T132;0x35cd4fa0d85c36f978a3dbee50670574c76993f6;0x79c40a2f24b14341b8eca580df4702b5748343fc;1003.97137;transfer;192;2;21;random;new;31.25;low_risk
T133;0xc1ae19884e5d529872028c3ec1c9fe259d4275b2;0x346dc167fb52e26f93e8d8cb6377ee8c4c850f02;805.4275866;transfer;172.16;8;134;high_value;veteran;43.75;low_risk
T134;0xe37126a5b0724737b516b97d3fb92311021e235d;0x9d76c41733f280594369698d6e3e725b0272ad9e;343.0713149;transfer;10;5;52;focused;established;15.75;low_risk
T135;0xc4e8600d5e8b478caf4443955369b48d72d00719;0xa22177fffa5c896a402f52a47facc43b98e96eb7;614.9194234;sale;192;7;150;high_value;veteran;52.5;low_risk
T136;0x5c0b21a01b517645a025d5344dc7b5f46b0d5b14;0x5b0962b9323c1eced90dd8b257459e168cd58a39;483.4190432;purchase;192;5;52;focused;established;26.25;low_risk
T137;0xbd9407cd80008ab4ef633025b88e403af9e01386;0xb3c74645de3f82702af040988bba449c622217ec;392.1054303;purchase;10;4;56;focused;established;26.25;low_risk
T138;0x732d6de0e8069df1e3ec4c9aa05362596ba8ac0a;0x95a91a4a20a4522edc7bd90efe20287e365b3637;589.596876;scam;172;1;34;random;new;94.5;high_risk
T139;0xcd6c7bd7ed48fe825845ff6ca3a8e9ae599dbc15;0x948a17f90b82d2e8184fce11f406bcd446772746;203.4906135;purchase;192.168;5;51;focused;established;25;low_risk
T140;0xbd9407cd80008ab4ef633025b88e403af9e01386;0x2c66467afe153987ff882c4edc2020a0c041cc0d;410.6588172;purchase;10;2;34;random;new;36.75;low_risk
T141;0xd65c0dfd43979d91be1df7951da4da72899380d2;0x8fddcff9501aad6620a141145e5c35ae09336001;839.0548065;purchase;192.168;3;67;focused;established;31.25;low_risk
T142;0x70faa05293c3896645ec5d280acae482e09d93ef;0xf7a69b4b527b96be9955a2488efb4c3c4d0ef347;525.276007;transfer;172;1;34;random;new;26.25;low_risk
T143;0x0fc6f0d2891ab6826ce662b4c61b5842538070dd;0x004fd71e61d0fb00f974635faec45195b8239607;413.9451746;scam;192;1;34;random;new;94.5;high_risk
T144;0xdb53cb7e6d171afff8201f72ec4ce4811fe507a8;0xbaa4224a73405f75187044191c713b9ede6d3f8c;601.3072811;purchase;172.16;5;69;focused;established;26.25;low_risk
T145;0xb1c89ffcef4d8a5202b8baad65dd26da0855c87b;0xfcf091f18fc338c235c0607cb472784b01ce3170;618.9236283;sale;172.16;7;156;high_value;veteran;52.5;low_risk
T146;0xfd6cad1a3970e8c763e252877e8863f19c0fd954;0x7cb57ac73f0c5a47b4501774b9ef68c26eba852c;774.1591046;purchase;192;1;28;random;new;43.75;low_risk
T147;0xd06421f21a9b28961c8433bbd51e7dc9fde28f6f;0x2f88347b18233677087626e559a5a69ac8a0ef58;457.3216438;sale;172;8;110;high_value;veteran;52.5;low_risk
T148;0xa9d4d4723a3325b9ee96d35efc09836fad956ac5;0xe7b918d92034330bbee26b0c606a9cc8f856bf3d;298.428611;sale;172;7;104;high_value;veteran;50;low_risk
T149;0x6ca5002038d78cb7c3cd12457c13273e0182c46d;0x794d36a3b1eaa49b97ea4e3b52aca37977e916c6;365.1332271;sale;192.168;8;158;high_value;veteran;52.5;low_risk
T150;0x2aaacc0aea1c222a20df0b2ec63addef59f16d56;0x0f00f63e28dc0e131d2df0859a6e700a79430a72;513.1460353;sale;192;2;30;random;new;42;low_risk
T151;0x2b0f5dc3f68a95b86f5bbb428f57d3175689c0f0;0xb6c9d1ec8e6e479bc7139ec810424964216a286f;599.1194579;purchase;192;1;22;random;new;36.75;low_risk
T152;0xa603c44b52f4a949b0227ced70887f6e7f57ac46;0xbc9bc0162fe1ef6624c4f9ea0139576e7407a99d;247.6745316;sale;192.168;7;81;high_value;veteran;50;low_risk
T153;0x4ee64b1d1704498a40940040f28c6109d5b9c1ce;0x3f54c944ac2c388bf5f72592465a502dd126f6b8;348.6533139;purchase;192.168;2;20;random;new;36.75;low_risk
T154;0x6a341efbef4e656e62c4164324aeb6ebfb6f1502;0x4f493d085b68be27a864d311be4fbffff4984186;810.2023867;purchase;172.16;4;79;focused;established;31.25;low_risk
T155;0x91dc9ddbd30b0262117401fe06a4e906f0810d33;0xca36b5b4d2116e36c06b015c91a428485a47861b;663.0726674;purchase;10;1;34;random;new;36.75;low_risk
T156;0xfe27ba54503b6b3d265ecd53912916afa3316786;0xf6511ed068459cab3225fb900437fdfae446e53a;724.9059526;sale;172.16;6;115;high_value;veteran;62.5;moderate_risk
T157;0xec2fae9e5c72794f080a7355e053d1fc8ea0e6b1;0xda5ed044b1a19ce35aa3bea3aae77c7c455ba83e;378.4763206;purchase;192;1;39;random;new;36.75;low_risk
T158;0xd90652f8dc1d6b3e63f3da9e1aed4406e633982b;0x1200d1cdce4cf718b0ed069ae230020af3ad84c5;961.7684927;transfer;192;8;99;high_value;veteran;43.75;low_risk
T159;0x79c40a2f24b14341b8eca580df4702b5748343fc;0x1200d1cdce4cf718b0ed069ae230020af3ad84c5;861.6632216;sale;10;2;29;random;new;50;low_risk
T160;0xbe9deb352c06de4d13094d3b005a2f6176e0b4f1;0x89b0869d0c38af44f7ceb985866ebfa0b33e3c45;611.4239359;transfer;192;8;98;high_value;veteran;36.75;low_risk
T161;0x4fce99d458b0f6a7398cf9c1de852b57f237b391;0xfa019d21493b08d377bc5ae3e2a44f5af0b3e2b3;516.9251331;sale;172;8;129;high_value;veteran;52.5;low_risk
T162;0xa24d3657c13f26c04c8a393cbcc12705d6ac8abf;0xb3a82255a9c3f30acb36bb140d132725e0815846;557.2902743;scam;172;1;39;random;new;94.5;high_risk
T163;0xbf3e3ac02821904c4b43c2f28a5453727b1c2297;0xe36a5a8aac68b9032ee53e4e7ad37708f657a14d;336.3979143;purchase;192.168;4;44;focused;established;26.25;low_risk
T164;0x35cd4fa0d85c36f978a3dbee50670574c76993f6;0x5c6e4c0c1af75af7bd3bdbeb51980d3205cb182c;664.1932954;transfer;192;3;54;focused;established;15.75;low_risk
T165;0x16cac4488ea52c294dedbdcdb6906fa73a088380;0xd4593947e9b1d5d503caf8ce90102967ac635593;531.3349684;purchase;172.16;5;74;focused;established;26.25;low_risk
T166;0x07f3c48b2cd667dcc915384c1d30be2973898a26;0xc538c3796aebcca78b7e0375302297bb3d724257;814.7247215;purchase;192.168;5;65;focused;established;31.25;low_risk
T167;0x3f54c944ac2c388bf5f72592465a502dd126f6b8;0xca36b5b4d2116e36c06b015c91a428485a47861b;445.0676882;sale;172.16;1;27;random;new;42;low_risk
T168;0xf0ba37ff365ef1a8a704306014f088a6bd744572;0x2b1855903a4ecb9bc5e86e570b86990d03cb1101;522.4576055;transfer;192.168;2;34;random;new;26.25;low_risk
T169;0x82c9fd1002493e122184aba0c9e8de36efb1645e;0x0e671c8cde947093a5eb7560ff4775755c129568;369.9147918;purchase;172;1;33;random;new;36.75;low_risk
T170;0xf75354143b14a48a01b4c99800593350ed47a064;0xe3722cc112163922f2752cb3c69503f36984b616;565.1479677;transfer;192;4;75;focused;established;15.75;low_risk
T171;0xb8f622392d62bf1b4cc825591ed7fafdf8409216;0xb6c9d1ec8e6e479bc7139ec810424964216a286f;545.1085649;purchase;10;2;20;random;new;36.75;low_risk
T172;0x1bb2709ec3e970c36b6fcda1eba92a7734440f74;0x13e3398b6af7e45f73b12f41e9d66bd1da7e805d;570.8721406;transfer;172.16;3;60;focused;established;15.75;low_risk
T173;0x67067f50a3184d8ba391724c234f0d92d4b47aeb;0xcdcace0693e828baa1857ee5b127419bb5e7fc56;700.5637156;transfer;172.16;4;68;focused;established;18.75;low_risk
T174;0x6f63b404cb98466ad6d41de84e6e4c6e181784a4;0xa4b3aa53d5d50fcfb39bf1c34bc3aa5ede241274;345.1609575;sale;192.168;1;36;random;new;42;low_risk
T175;0x0c3d664e0278147460b1473376d615be29300f08;0x4d83a707c36c3b9c3f73e38e99e2d6f7940d0729;588.6869975;purchase;192.168;4;52;focused;established;26.25;low_risk
T176;0xeda47c81c0f873dc52cedda6d95aba05be8b8eef;0xd6e251c23cbf52dbd472f079147873e655d8096f;483.5429439;purchase;192;3;74;focused;established;26.25;low_risk
T177;0xa58871acb8e7d95bf26fb4828889a5bc04b8827b;0x1de02529c5c5df6dfb7674ef8773117c2dff7cd4;151.5580634;transfer;192;4;50;focused;established;15;low_risk
T178;0x5c8021555372072c06d7502bc771869b52b20f32;0xca36b5b4d2116e36c06b015c91a428485a47861b;160.0105351;purchase;172;1;27;random;new;35;low_risk
T179;0xc0b6dca96a6e5e00299243aa48a766f83318a2a1;0xfdcee144031728379b8165c502d3eb12dac4b206;481.0045009;sale;192.168;2;34;random;new;42;low_risk
T180;0x96afc90cf5f7352fce41024eb6e11076ee445acc;0xcd911350d6fe15e85145d6e03f2573e19b1bc9bb;397.4663255;sale;192;6;152;high_value;veteran;52.5;low_risk
T181;0xd0c1b21a6179c33593158ff9c04d83a6398e3c4f;0xd2cff98e8e707049db92500414fec6f0bb5c895c;0.01;purchase;172;3;47;focused;established;25;low_risk
T182;0xda3dccb40a564049c60f5a6a8ebbfc63b24db614;0x02f1f6230a6978e2b12b2df8224324adcdeed1e0;757.6847609;purchase;10;2;28;random;new;43.75;low_risk
T183;0xc5095ea231c9ef0b3536c3a3c13d5641f2f57b1b;0x930dc6cad87358b5b8bf59957e8c6705c8bbb36f;391.9022672;purchase;172.16;4;71;focused;established;26.25;low_risk
T184;0x66d06530ce901084a095f67cf486b07845d51213;0x930dc6cad87358b5b8bf59957e8c6705c8bbb36f;267.0422128;purchase;192;5;47;focused;established;25;low_risk
T185;0x113844f9fdd2eb60e8083dec243c1d9522c8af9a;0x91c962a93bf0e520e89f4c6d1f8de95ceedca748;205.552102;purchase;10;5;52;focused;established;25;low_risk
T186;0xc5f2ff2df2e759d8611325f0fdb684f1e243a1a1;0xf9268f72c572303f60d5f7bc5f23bd1904dcf4da;517.0489542;sale;172.16;2;34;random;new;42;low_risk
T187;0xe15542a7961a50c6e38ffdb848e52dbdfedd249d;0xdd34c90740abc7ae1be11e0ce4f0a061620407d7;659.2608917;sale;172.16;7;131;high_value;veteran;52.5;low_risk
T188;0x1de02529c5c5df6dfb7674ef8773117c2dff7cd4;0x03ebaf3f967767ea31c49025fd6928619ec43afd;0.01;sale;172;7;99;high_value;veteran;50;low_risk
T189;0xfecac86c26e9050f8863e828c4d55f88978c3218;0xda5ed044b1a19ce35aa3bea3aae77c7c455ba83e;490.6848239;scam;192.168;2;35;random;new;94.5;high_risk
T190;0x843edcd028b934def2fe178caf7f32756f4beff2;0x581541b72312595312d1cdd78ceaa40968f2cd35;450.6824835;transfer;172.16;5;75;focused;established;15.75;low_risk
T191;0xaaec637c900bb196a381fce271e6cfdb2692e4dd;0xc1ae19884e5d529872028c3ec1c9fe259d4275b2;209.411368;purchase;10;2;38;random;new;35;low_risk
T192;0xe0eca84e4f4aa62a6ae26cfddbd8e6ee9aa583a0;0xe71fca31a6bebe3238d1597b5945afddbc30d7ee;94.68234232;transfer;172;8;127;high_value;veteran;35;low_risk
T193;0xf0d6bebfc2d985fe3f46d2d9c04819ffb9e6d605;0xe4dda16590c1b05a186a0c0055914c056f037a05;662.7241235;sale;172;8;139;high_value;veteran;52.5;low_risk
T194;0x36e6b16f3c641a903e02fa5d002077ff7d2e09ec;0x2e92f273cc113e8044901d07dcf41044861553bf;227.7174195;purchase;192.168;5;50;focused;established;25;low_risk
T195;0xd7a497194fc58cee9ae09834095ff4aece737472;0x1b89b779e80271c41b1f68ae3faa420f7ca678ae;565.8392017;sale;10;1;28;random;new;42;low_risk
T196;0xfecac86c26e9050f8863e828c4d55f88978c3218;0x463667453bef14157dc8fc348fcec7b01c6a71ea;127.2390546;purchase;192.168;1;31;random;new;35;low_risk
T197;0xe15542a7961a50c6e38ffdb848e52dbdfedd249d;0x11de5001c3c8a243c601fe56f35caf5c436b861f;348.2426723;transfer;172.16;2;28;random;new;26.25;low_risk
T198;0xb69b3912979ac2571f86843000a21c6c5ce84342;0x3648f18c7f11b9a825dace72fcac5f275755bc18;229.491732;purchase;10;3;47;focused;established;25;low_risk
T199;0xc923cceb5f8181e7b83b9a846a299362263db1a1;0x897c07cac7f9149d0be00903c55d810f6e42c9cc;374.1674871;purchase;172.16;4;76;focused;established;26.25;low_risk
T200;0xec035cae157887f78b7334510f602ede908e345b;0xe4ecdf1ea42eca4cc6c6dccb5d823c0fe247c411;624.1551562;transfer;172.16;1;37;random;new;26.25;low_risk
T201;0xb6ebb8a35948ad86052e78da2a2ee2d8197f919b;0xe9369dd248e1c97c9c93ab93d18ce2f153fef19b;625.6605731;scam;192;2;25;random;new;94.5;high_risk
T202;0xbbd27de41c75703fbc5b4ad84aa813903bb2e80f;0xcfdcb5db0991969dcfdc57ba8b9d4fe67a115fb2;363.1626343;sale;172;7;106;high_value;veteran;52.5;low_risk
T203;0x0fc6f0d2891ab6826ce662b4c61b5842538070dd;0x004fd71e61d0fb00f974635faec45195b8239607;386.5011133;sale;192;6;156;high_value;veteran;52.5;low_risk
T204;0xaab8f65bc1ec750c420ca9ecb5b53c918adbf64c;0xf9268f72c572303f60d5f7bc5f23bd1904dcf4da;582.9222514;sale;172;7;154;high_value;veteran;52.5;low_risk
T205;0xabe13221982d3220a2b61e555e100ebd2edba4e2;0x51e8fbe24f124e0e30a614e14401b9bbfed5384c;1190.638042;sale;192.168;1;25;random;new;50;low_risk
T206;0xeb4b9027cec7bf62268e994678806e80323a272d;0x617b83371b4c65debb6c2e90de89c827ddcb0884;570.9700014;sale;192;8;106;high_value;veteran;52.5;low_risk
T207;0x858170b93f5c5c1a33417255bb3f3ff639454ee5;0xaebdaf0001a9da9e34f3a4cda5e62034e5c04a10;52.81731254;scam;10;2;30;random;new;90;high_risk
T208;0x82f0511c48d8ab0969179ee2e4046df24c192cb0;0x066d579091ce669f3f1911b7e5b1531f9dcd5777;452.0156216;purchase;10;4;54;focused;established;26.25;low_risk
T209;0xfd7eacfb92beaacbb69e9f9aef781022b210672e;0xeb57df95b6822a78c2be987e14df39eb23221134;988.5188616;transfer;10;1;38;random;new;31.25;low_risk
T210;0xdd084a05770e5a85134701d2819de79429fb1304;0x17aa2ef2f21fd194cc27a264a41c0fe629c381f1;333.5445008;purchase;172;5;73;focused;established;26.25;low_risk
T211;0xb83f4e6ce7a29b4467d1ba9b9be009d3d6a67779;0xae05d1fb01ef3f48dda274217b59ee8b45c0918e;147.7344536;transfer;192.168;6;93;high_value;veteran;35;low_risk
T212;0x2e92f273cc113e8044901d07dcf41044861553bf;0x0fc76698704866d5053923fb7bde02a56bd62531;767.8187056;transfer;192.168;6;104;high_value;veteran;43.75;low_risk
T213;0xbffe0b1cdda8f6a71d40a15368b476b622f1e0ed;0x44b258cec1f745def492ff7c422ea930d26f52c7;286.3157025;transfer;192;4;61;focused;established;15;low_risk
T214;0xb3c74645de3f82702af040988bba449c622217ec;0xcd19a8ffd47a6358b4eaa3ba2dfd223f6c3e91aa;156.6363451;sale;192.168;7;100;high_value;veteran;50;low_risk
T215;0x65eafdfa643a786ee41099e5c5e134b7c6ec63a9;0xa53f837829388f4678f9963aae7fa1a4334e1690;274.8719037;sale;10;7;93;high_value;veteran;50;low_risk
T216;0x54380049099b5ab0b252e1245bfa6a5085257c9d;0xf95da977c26b073fbc143abc23d6e8c25e1e6b92;483.6652973;transfer;192.168;5;77;focused;established;15.75;low_risk
T217;0xd891a66487bc6c530c82cc8c38afa468b13866e2;0xffa670245089044b1e355508a7843692a25a5e52;544.7615718;purchase;10;5;67;focused;established;26.25;low_risk
T218;0x346dc167fb52e26f93e8d8cb6377ee8c4c850f02;0xe4ecdf1ea42eca4cc6c6dccb5d823c0fe247c411;839.277014;purchase;192.168;2;24;random;new;43.75;low_risk
T219;0x8088d2991e3fb2854ee5851d41cafc358a72a054;0x3cb62706438c3d2215f1397246463a6eb4ffdb47;494.0457805;transfer;192.168;3;64;focused;established;15.75;low_risk
T220;0x286ef64d01b015ec5eb8b5da32cb1ebd235806fd;0x90c61e65de8543a1e3daeda46d03fea897886666;736.10169;purchase;10;3;73;focused;established;31.25;low_risk
T221;0xe82b6d436a2a34d3a9cc446aa45bf7377a901a0d;0x3c8325c283966ff2ce639683cfe514abc887d040;249.559006;sale;172;2;22;random;new;40;low_risk
T222;0x6d276f36f2f21d44f048bc4488dde11cb0fd3a0d;0x905c58bd08384496022948bde9d2a31a2cafb958;483.7333779;sale;192;2;28;random;new;42;low_risk
T223;0x9376911f6cb8db100cf7a9bba658921cab8229fa;0xf14ae1fb4b5888dd0fad0a2263ffcb14527e1d3f;404.0277917;sale;192.168;8;97;high_value;veteran;52.5;low_risk
T224;0x6f978be565d6d01f74c819eec715a8a4d026b679;0xd913a203361cd6cb953daacc157de07ea0ac5017;876.3791177;transfer;172;4;46;focused;established;18.75;low_risk
T225;0x9befe192a14c6d05e31ee6fa7522795b2b9b7123;0x1450509a544922d00445c7bba095f45c641bff18;309.4376895;scam;192;1;27;random;new;94.5;high_risk
T226;0x296a2c7ab863e0d414da20c8bb6ec1fdc09efda3;0xb9177e55706f4a102633d23deb5a20b5912b4042;384.839663;purchase;10;3;57;focused;established;26.25;low_risk
T227;0xd37c6b8b5c6d362ee4ba439ddca3056f880cdd3e;0xa608f7958061ae8498d73aa0d8f6f5e8f51135ae;876.7690036;purchase;192.168;3;53;focused;established;31.25;low_risk
T228;0x329a08a763506d1897159afa136ebbc80c997d5e;0x346dc167fb52e26f93e8d8cb6377ee8c4c850f02;315.8116836;transfer;192;4;71;focused;established;15.75;low_risk
T229;0x94ed0de7f781533e80fc25a29c1b613eaf01ac62;0x06a24547ccb310dacd8bc526b398f5cbf98388ac;873.9967486;transfer;172;3;72;focused;established;18.75;low_risk
T230;0x3bf680566aae3798fe0b10c1f0ff284005af83c5;0xe69d7f167cab48bfda9d87cd6e5dd7d75b7bf5ce;297.6127955;sale;10;8;148;high_value;veteran;50;low_risk
T231;0xb3a82255a9c3f30acb36bb140d132725e0815846;0x13d92b018a9df83afae540116c72f665e89786e8;602.0719513;transfer;192;1;26;random;new;26.25;low_risk
T232;0xd139ad944b14d015cc91df97b6231b6b236b4d33;0x691649f8bff990271b207da5b09c7e6e3c9a20b4;438.0150653;transfer;10;7;114;high_value;veteran;36.75;low_risk
T233;0x8749c4468889f9e88f248e45f3dafd0025aeb051;0xcd55eb112507e09bec70736959f99391f54955b6;516.3233434;transfer;172.16;2;31;random;new;26.25;low_risk
T234;0x91ee0c3b3f87d070e260f6208c52534d36817dae;0x1cbae106f89f3cd4d4ba3d4d92cf2caedeb1dbac;217.5376424;sale;10;7;143;high_value;veteran;50;low_risk
T235;0x7fdd1c0ca5c9fa336adada7efebad12a5f067704;0x1f417f20375bd5610bd91bdef059c71fd38185c1;874.6107477;scam;192.168;2;21;random;new;100;high_risk
T236;0x0bdc9e8dd3cf34b207a2f547f45a23e5808d84fb;0x1e9373af5f508c95b8910a70c5bbe5db25be5f83;592.0989312;purchase;172;2;29;random;new;36.75;low_risk
T237;0xa54843f79634c44f482003f687a03abf39cd3a40;0x8285d6894146544bc1827572d4a64a02f4993a16;445.4633064;transfer;172;7;146;high_value;veteran;36.75;low_risk
T238;0xb4fe06ec45cc3c2dfac0ad50bc5edc5d75bb9f3c;0x4192c7c7a4e9f8b0e88c21b2552f62edce000afb;167.2299361;transfer;192.168;5;53;focused;established;15;low_risk
T239;0xae771ab61a8532a9fc3f6a03c811238234427e06;0xa90b541bd2dfef162b82073318ace3fcc57340d9;0.01;transfer;10;8;95;high_value;veteran;35;low_risk
T240;0x2d17e9c8cc2e70987e928effa47ef96c34a3bf19;0x9befe192a14c6d05e31ee6fa7522795b2b9b7123;310.8657902;sale;172;2;38;random;new;42;low_risk
T241;0x0f91c61e58fd468b96f50aa53673b9ffccfaa89a;0x2318e5acd5fa536467c46d2d9124ee45e305e7ec;252.7055633;purchase;192.168;4;53;focused;established;25;low_risk
T242;0x96202663bba41414cb6d43dddb50663d8c392537;0xead5f60a7bc9d14f1f4d4ec8f333a14b438a29b4;896.0270741;transfer;10;3;62;focused;established;18.75;low_risk
T243;0xe4dda16590c1b05a186a0c0055914c056f037a05;0x9d76c41733f280594369698d6e3e725b0272ad9e;716.9854086;purchase;172;3;44;focused;established;31.25;low_risk
T244;0x8e9128d3ba0b152db5aee7fd38754354902d8651;0x1a55b6ed75c3e5fc491a5f9054d7334d3b3c0e8b;599.4117828;sale;172.16;1;37;random;new;42;low_risk
T245;0xf5f02c84df4ba6af17e52a535496037d338d3bd3;0x6d5b2cce3ffd47ffc39d45a2dc999f81d734de1a;0.01;transfer;192;4;70;focused;established;15;low_risk
T246;0xd5a98e35d92b478ad4dbefdf2b55b22f331043dc;0xc425ff34632d4bc81fff0d9e4900fd4bb856f9c7;630.1403437;transfer;10;7;95;high_value;veteran;36.75;low_risk
T247;0x4bfe6fa35149db081520aea5e503946572718756;0x06b7ab84b65c20ef760cf7a52903a9c903f61cab;430.9827124;purchase;192;5;71;focused;established;26.25;low_risk
T248;0x81869cf94beea3021b94269ad41ed0b69fedae2f;0xaaf0e31bb5224b664aa7f16c519824e8ae8295ca;421.575638;scam;172.16;2;29;random;new;94.5;high_risk
T249;0x16e2bd9d9757667c267c8a1f0bf01b830eb44b0d;0xc78a13e93a188c445584e724a855aeb94f972dd5;364.9805383;transfer;172.16;4;51;focused;established;15.75;low_risk
T250;0x0216eabb3496a5f88b1e399ad067fcbcc6889a48;0x5773c83bf1d67736a72a2d2b2d088ec37aacda77;767.4463781;purchase;172.16;5;42;focused;established;31.25;low_risk
T251;0x44a12f1064beac8b97d973667037a8bb92f16f78;0x572906117c208dea91245c9cf87180c1248f5f48;331.5896676;sale;192;7;93;high_value;veteran;52.5;low_risk
T252;0x8452cabd2fd65558f766914835140877889ee141;0x732d6de0e8069df1e3ec4c9aa05362596ba8ac0a;839.8282555;transfer;192.168;4;54;focused;established;18.75;low_risk
T253;0x6b7b931603056cb8aed7477068c071591a5ee3e9;0x0e7af9cd50f3db30d7d58fd6fba5e53af590b615;747.6540635;transfer;192.168;2;20;random;new;31.25;low_risk
T254;0xaa9eab5bc49fd4ff7319f0c2342c296c4039ff07;0x43e9bdd0a2d22e953d4795a2ae0bdc9fa489b482;1224.592573;transfer;192.168;7;112;high_value;veteran;43.75;low_risk
T255;0x4a9f79d11c8aa1989647fee30c194d53abd4ddb4;0x44254da8674f7b629e0b90c3c9af754db2d19c3e;679.0999389;purchase;172.16;5;50;focused;established;26.25;low_risk
T256;0x93efefc25fcaf31d7695f28018d7a11ece55457f;0x8ac3b7bd531b3a833032f07d4e47c7af6ea7bace;780.2169224;transfer;172;5;54;focused;established;18.75;low_risk
T257;0x81b86feda8f0eac2e88a71e30c62d179877dbd4d;0x290a2c307ede6a392103eafe706dc0d1570ce5b1;626.2713132;purchase;172.16;3;44;focused;established;26.25;low_risk
T258;0xbe658044c1b4c2ec65d2c03e38850eec3d46aa84;0x137dd2dbee265a2ccd415f203bce1f68820af83a;283.9793229;sale;192.168;2;37;random;new;40;low_risk
T259;0x33cf50090c6a9859ffeaa409e025c6e361726fd9;0xa1154e580cec142f95096507d91a8ca0f85ab5f3;289.3027254;sale;192;8;104;high_value;veteran;50;low_risk
T260;0x5e3b8daa125730ae691a6df10d73ab05945096b4;0x794d36a3b1eaa49b97ea4e3b52aca37977e916c6;168.3832826;sale;192;6;119;high_value;veteran;50;low_risk
T261;0xe522839455a1c640721223af9385a28f1489b96a;0x3bd221ff4c54bb0e4feda3217197acdb70f7514d;767.5988049;transfer;192;2;31;random;new;31.25;low_risk
T262;0x48569db996994315d6fda9a32a3cd850f0c95a22;0xa315cb6477bddda3cbb93d81742b7aa719d5dc41;167.4333483;transfer;172;1;21;random;new;25;low_risk
T263;0xd4355d160c0ffcf2a0eadfb6c8032a65abb28481;0x10b7c7995a4a310c1a5b6560dbd56f8a2ed01ea6;402.9457178;purchase;172.16;2;35;random;new;36.75;low_risk
T264;0xe15542a7961a50c6e38ffdb848e52dbdfedd249d;0x11de5001c3c8a243c601fe56f35caf5c436b861f;642.3452338;purchase;10;4;70;focused;established;26.25;low_risk
T265;0x9befe192a14c6d05e31ee6fa7522795b2b9b7123;0x43ffc8b14dfe8416e64ad6a594893863e05d69bd;766.2242479;sale;192;8;159;high_value;veteran;62.5;moderate_risk
T266;0x7edd74b05caacd2c9658739abdd3230f39846248;0xbc9bc0162fe1ef6624c4f9ea0139576e7407a99d;534.1891163;sale;192;8;155;high_value;veteran;52.5;low_risk
T267;0x8b801406aa5fcb72dbca8d67de360f0bcf0f755b;0x086a1cab416461d0f92e75b1713cb3b8b44377fe;336.4493662;purchase;172;5;43;focused;established;26.25;low_risk
T268;0x873b018df74633a9c5cd57af9e745c1e709630f8;0xda6f58d5369d83a6d4307e43b822d1b01cda0a82;626.2146201;sale;192;8;128;high_value;veteran;52.5;low_risk
T269;0x21e1b7e0a2dae8d5126049ddfddced3d2d8941f6;0x927f8801cf6073f5b6da2df4def5f548735e7062;125.5714015;sale;192;8;82;high_value;veteran;50;low_risk
T270;0xb66b0ca73fe4f58fbc2485b46474688d9913753e;0x96e7fe4d4592f014ebaa97909d06802b4c1bcc21;710.7825283;sale;10;1;34;random;new;50;low_risk
T271;0x1b35c736b6cb16cd92fbf1f6c906cdb2cb548261;0xbb2446b93f24e61c733aeb8cff1c82400e412974;220.837404;transfer;172.16;7;82;high_value;veteran;35;low_risk
T272;0xc43066a053d242d6ac7ce697769d94a62fad1d1f;0xf69856e25444d5fb10dc3b6f2a320e6c1efc3a09;643.4333197;purchase;172;5;62;focused;established;26.25;low_risk
T273;0xba33c4477cb9e13831f9122c049e2b06ed91a0da;0x1a67dee0c5f74f0908b7f6fe7b28f445b390cef1;530.4660268;sale;172;8;96;high_value;veteran;52.5;low_risk
T274;0x8502040594fb7ec65c6e7d8c93b39664c49ad866;0x843edcd028b934def2fe178caf7f32756f4beff2;470.8251202;phishing;10;2;38;random;new;100;high_risk
T275;0x21d78112adf535b1b37d6d6b6962fb1a6656c90d;0x8088d2991e3fb2854ee5851d41cafc358a72a054;582.8367755;sale;172.16;7;159;high_value;veteran;52.5;low_risk
T276;0x02f1f6230a6978e2b12b2df8224324adcdeed1e0;0x1ba6eae7fd8d9706e647f556e0937d40155898c7;441.3667519;purchase;172.16;5;46;focused;established;26.25;low_risk
T277;0xa33cfdefae7aaec4327dfb8e270d56e0fbd4cdf2;0x732d6de0e8069df1e3ec4c9aa05362596ba8ac0a;320.688609;transfer;192;1;37;random;new;26.25;low_risk
T278;0x2e0925b922fed01f6a85d213ae2718f54b8ca305;0x52c7911879f783d590af45bda0c0ef2b8536706f;476.679394;transfer;10;2;39;random;new;26.25;low_risk
T279;0xbaea3ed4a1a9cd58ccce5e0f52c68c852deb5c68;0xa0a19623fa75eae2eae5d45eb115574d6aee9390;654.8903616;purchase;192.168;4;45;focused;established;26.25;low_risk
T280;0x8ec5a7cd6707d19bd2bc11b515f4eaf95ae91ba0;0x277b36ba56a9b705d63de9d7da8b44bf0fe43a65;797.2967131;scam;172;2;29;random;new;100;high_risk
T281;0x91dc9ddbd30b0262117401fe06a4e906f0810d33;0xca36b5b4d2116e36c06b015c91a428485a47861b;853.7603674;scam;192;2;24;random;new;100;high_risk
T282;0xbb0b92025eddb26c67e5f23512a856d6c0c26231;0x7fdd1c0ca5c9fa336adada7efebad12a5f067704;704.7794286;transfer;192;3;56;focused;established;18.75;low_risk
T283;0xe39ec067dc8caca519b0ef9d7c7218a6ad20bc36;0x4fce99d458b0f6a7398cf9c1de852b57f237b391;777.8630487;purchase;172.16;2;28;random;new;43.75;low_risk
T284;0xdfa8523a0fbc3dfeb30d2aab86f0b22f4afeb25c;0x1a5e38f7c5702a811e8f35146e19607c825d1af3;259.6307934;transfer;10;5;61;focused;established;15;low_risk
T285;0x65d1e4524982bd01a79af7b8d8e83e71816c5357;0x1c4a5a2d1841771e3bc3a2af3bdd88d3558ca8ed;124.4276339;transfer;172;7;141;high_value;veteran;35;low_risk
T286;0xd4355d160c0ffcf2a0eadfb6c8032a65abb28481;0xa7d28d12edd41e5605b632d8b920bad80bd5b69b;476.2325739;purchase;192.168;1;21;random;new;36.75;low_risk
T287;0xb4a544bf963dc0a2cd5ac86c93667847f40206b7;0x89e89b0e32580022ef96320ef7b98eb5f3e49c28;371.7360489;sale;192;6;110;high_value;veteran;52.5;low_risk
T288;0xe10fd2a98505e27f1a320465c0fbb31f142aa706;0xb507932588c5ecc8cc77491f8495ffec932004f8;656.846422;sale;192.168;7;91;high_value;veteran;52.5;low_risk
T289;0x3cfe8deb14a2504f0bf3ae1d9d2ea80b1036e2f3;0xbbcf7c51f7a98b178d205e5a104f2b82586a0b3e;632.0734412;transfer;192.168;7;106;high_value;veteran;36.75;low_risk
T290;0xd1b28593139022c70b1d5e370cc800226efbf072;0xfa019d21493b08d377bc5ae3e2a44f5af0b3e2b3;713.6160812;purchase;172.16;2;39;random;new;43.75;low_risk
T291;0x2d5b3808bf7706d3fe9b7b42488347b33ce165c8;0x68f0d0361fc4d888ee7970ce3aee2d0ecba0f5ce;297.0654855;scam;172;2;22;random;new;90;high_risk
T292;0xac0e4d3b8ea0e5bf605cc4e6cda7b35a2ce3198b;0xd48babc9318a5bdecbe9551c0b491093ef792078;667.4722725;sale;172;6;129;high_value;veteran;52.5;low_risk
T293;0xbf3e3ac02821904c4b43c2f28a5453727b1c2297;0xe36a5a8aac68b9032ee53e4e7ad37708f657a14d;0.01;purchase;192.168;3;49;focused;established;25;low_risk
T294;0xb1c89ffcef4d8a5202b8baad65dd26da0855c87b;0xfcf091f18fc338c235c0607cb472784b01ce3170;95.34565106;transfer;10;1;26;random;new;25;low_risk
T295;0x5620577f4ac8d44bf2be7f9483f70dffbe81c468;0xfcf091f18fc338c235c0607cb472784b01ce3170;842.2734231;transfer;192;5;60;focused;established;18.75;low_risk
T296;0x1b89b779e80271c41b1f68ae3faa420f7ca678ae;0x27e1b1ea8116feee71947c2de2d0ac741d5ce77b;631.1533153;purchase;10;2;34;random;new;36.75;low_risk
T297;0x4dfee17dae2eb2791086837ff8a02070fa201828;0xc5095ea231c9ef0b3536c3a3c13d5641f2f57b1b;883.5867735;purchase;172;4;42;focused;established;31.25;low_risk
T298;0x7f743125ded03b9dc28699c570757a34595190f9;0x6fc2237d1414b0d8901973a0428e5998421f589f;707.9943234;sale;172;6;132;high_value;veteran;62.5;moderate_risk
T299;0x086a1cab416461d0f92e75b1713cb3b8b44377fe;0xbdac6e49b5b53147caf71fc95f91c85fb11a778e;672.9413195;scam;192;1;38;random;new;94.5;high_risk
T300;0x41625efc8faf9a45b7e2573215897be5a4753c51;0xadc445c80282504e4af6afeb5681fded2c3d6069;781.2741203;sale;172.16;1;30;random;new;50;low_risk
T301;0x0fc6f0d2891ab6826ce662b4c61b5842538070dd;0x88d991c7b82b38c3946dd5254002c7509e62c89b;691.5041753;purchase;172.16;5;49;focused;established;26.25;low_risk
T302;0xf6de253e63b87499ce3a9b8c6b6f1e4b75e127f1;0x817f2211eafd4e6915d4b90985f8c7a8a37cc146;275.7392038;purchase;10;5;76;focused;established;25;low_risk
T303;0xe3a75298a17d6e04d2bd819f9ead13bbc87b110b;0x295d4a1694a54c2eb4cb7b8b266b98e08a06a08c;381.2619698;sale;192;7;101;high_value;veteran;52.5;low_risk
T304;0x40d4d509bb7025e7d66a9fc147e91c67ebe7243c;0x657fbadb17171ab2c1ad73234baa006235126f98;770.0640451;purchase;172;2;29;random;new;43.75;low_risk
T305;0xb9c16f73132ef6a9d6f790db5031ace40b0d7a24;0x6581e36d96fae9eec6e9b94802ffab6e3f017462;454.6188418;purchase;10;1;20;random;new;36.75;low_risk
T306;0x4bfe6fa35149db081520aea5e503946572718756;0x2c934cd327d06eca3c8232ae66a818e1d9daf0c9;0.01;purchase;10;5;78;focused;established;25;low_risk
T307;0xac3e030103fa273e36f2cd7ece1f316961be6fe5;0xcf741923dc066c7d712376efcecd1ff01545a71f;615.4653097;transfer;192.168;7;136;high_value;veteran;36.75;low_risk
T308;0xe7dbb85044bdab554029ad4c7326f8771dc53cb1;0xe97ac3b49a92a25846e21a6d28da97ab9867b97b;146.0373288;sale;192.168;2;37;random;new;40;low_risk
T309;0x2e92f273cc113e8044901d07dcf41044861553bf;0x69324cebff42101d8e43a3f7b0aebeac04b4e50d;793.2065079;transfer;10;8;140;high_value;veteran;43.75;low_risk
T310;0xd0c1b21a6179c33593158ff9c04d83a6398e3c4f;0xd2cff98e8e707049db92500414fec6f0bb5c895c;550.3437806;purchase;172;5;62;focused;established;26.25;low_risk
T311;0xc64eecead620b2d76dc638e077cc6ea63564837a;0xef361793cd6573a2ea89fb9913efb850fa5430f0;691.2162753;sale;172.16;8;130;high_value;veteran;52.5;low_risk
T312;0xb7f0592b292adbc77cb6d14e7dc6eee2206ce4a0;0x340a612e7bcc42ec1ec46f9d88eb795973e532f0;826.5808446;sale;192.168;8;83;high_value;veteran;62.5;moderate_risk
T313;0x27248f3b39129723b528cd81fa74b0e752426969;0x824564e9348b61d8906646df593bf81e347a9a98;861.9983828;transfer;172;4;79;focused;established;18.75;low_risk
T314;0x7c3bdcc2028dc292d9eaf81535a8e97886a42fd8;0xeb3551a15169e024420f534a448795b3a2515765;308.3066367;sale;192.168;2;22;random;new;42;low_risk
T315;0xb6ebb8a35948ad86052e78da2a2ee2d8197f919b;0xe9369dd248e1c97c9c93ab93d18ce2f153fef19b;267.1822876;sale;172.16;1;35;random;new;40;low_risk
T316;0xb83f4e6ce7a29b4467d1ba9b9be009d3d6a67779;0x10b7c7995a4a310c1a5b6560dbd56f8a2ed01ea6;512.6265411;purchase;192.168;2;28;random;new;36.75;low_risk
T317;0x33cf50090c6a9859ffeaa409e025c6e361726fd9;0x29d23a1aabb9b1cbe0db109da0422ee53f160075;470.0280844;sale;10;7;82;high_value;veteran;52.5;low_risk
T318;0x9c90e60ef483c906eaf9b4e7a438b92d56a362f8;0x186ecfd89812df6cd6bf438e65ec4d7b69c912c7;547.2352828;sale;192;7;155;high_value;veteran;52.5;low_risk
T319;0x87d35e640e5828741800199854c09e373a6fe7ff;0x858170b93f5c5c1a33417255bb3f3ff639454ee5;823.975341;sale;172;6;153;high_value;veteran;62.5;moderate_risk
T320;0x3f54c944ac2c388bf5f72592465a502dd126f6b8;0xca36b5b4d2116e36c06b015c91a428485a47861b;345.2406432;purchase;192.168;4;78;focused;established;26.25;low_risk
T321;0x7b0afbbab9b674040dfa791579b6cbdb931c37b4;0x646142948a3add1d05edb7789d73a14ef261e109;452.6456008;purchase;172;2;31;random;new;36.75;low_risk
T322;0x7119230b210f7ecc004c21fcdbb44925c60d2145;0xefb6821222995dacefa38080ea70795e5887aae0;350.3684673;purchase;172;4;51;focused;established;26.25;low_risk
T323;0x05ba8f096cd5c9bdfc568ee2b282680999a373a6;0xb0309f24f0d5070cd91bba26a523e28b997bb0d2;580.667982;sale;172.16;6;125;high_value;veteran;52.5;low_risk
T324;0x81869cf94beea3021b94269ad41ed0b69fedae2f;0xaaf0e31bb5224b664aa7f16c519824e8ae8295ca;201.0057221;transfer;192;8;120;high_value;veteran;35;low_risk
T325;0xce2b1173cce8e4851b58e2bf47db602ae374e751;0x8011f8540db66bcd151239583c14ba727eca9af4;141.6567037;sale;192.168;1;21;random;new;40;low_risk
T326;0x42f64284f4435ce6a0af4f3112fe34e116444b1d;0x164510386384099c0a9655c61c2b55d025fd750e;330.7975406;sale;172;6;99;high_value;veteran;52.5;low_risk
T327;0x8712d57e5d22ca836f5e91eed126267aa439f2ee;0xa54843f79634c44f482003f687a03abf39cd3a40;457.3261036;purchase;172;1;27;random;new;36.75;low_risk
T328;0xceda6c769350a084f02a6e5f2fadf269ecc0c37d;0x8b801406aa5fcb72dbca8d67de360f0bcf0f755b;468.408262;sale;172.16;8;86;high_value;veteran;52.5;low_risk
T329;0xf4ef3a7124f8bbcec7b67a3f227253e99290e6dd;0xba33acb0d692a98213abb8b3d5b9e52200bac119;629.6232726;purchase;10;4;42;focused;established;26.25;low_risk
T330;0x09802f792bfbbf1f8515808f0fa68344c5625dbc;0x4ec607d0d5683a6e2fa4ca1278205bd81f47ce82;589.9853551;sale;10;2;20;random;new;42;low_risk
T331;0xdf61c480a88c4595bc736db43a507fd45f468033;0xeda47c81c0f873dc52cedda6d95aba05be8b8eef;328.105595;sale;172;6;143;high_value;veteran;52.5;low_risk
T332;0x8dc3ba6ac5abfb17dd1ea5c9219fa276db59676a;0x54380049099b5ab0b252e1245bfa6a5085257c9d;619.7365366;purchase;192.168;5;73;focused;established;26.25;low_risk
T333;0x8da4fc8aefcaafb448d3cc811de195f91785d90e;0xbf3e3ac02821904c4b43c2f28a5453727b1c2297;581.7230394;purchase;172;2;36;random;new;36.75;low_risk
T334;0x930a6cd16e7b408b2edbea715e0ada85f6a753e4;0x69e758587e917bebe6d8033afd4fadec04336eb0;804.8293696;sale;172.16;8;140;high_value;veteran;62.5;moderate_risk
T335;0x39f82e1c09bc6d7baccc1e79e5621ff812f50572;0x8dc3ba6ac5abfb17dd1ea5c9219fa276db59676a;306.997177;scam;172;2;24;random;new;94.5;high_risk
T336;0x550478e76305df1222e3646c2dd7897f9375e7e3;0xd9066ec8542ffa81f6d8ef96bf94c758445d0f11;1131.96699;transfer;192;8;84;high_value;veteran;43.75;low_risk
T337;0xaa4b560b041f432e77193d9fb97880c883e78af0;0xfed686624c08633d15a980522d29b77319a1a65f;359.6818239;transfer;172.16;7;96;high_value;veteran;36.75;low_risk
T338;0xca34200a0f5750711c733e357e194de2d8a63ba7;0x22d1777a6b6ca61ea486ff869eb4989d7cfd420a;829.4725949;transfer;172;6;125;high_value;veteran;43.75;low_risk
T339;0x757e936769ebc13de3e88f783169b547e76c1f84;0x0e7af9cd50f3db30d7d58fd6fba5e53af590b615;334.2266273;purchase;192.168;5;59;focused;established;26.25;low_risk
T340;0xd90652f8dc1d6b3e63f3da9e1aed4406e633982b;0xa62607561065305ecf28a2ce8a3abe4f8486a99e;451.158382;scam;172;1;21;random;new;94.5;high_risk
T341;0xcf9e3898e418e3dcc57601de78ca5f684f0fb05f;0x3bce24f3f2c12757b24fd9ebf2b03cb818d1999c;165.349101;purchase;192;3;47;focused;established;25;low_risk
T342;0x8ede2eb4bb8cb1e74b89718a8f78e8bdf2b031e8;0x8ac3b7bd531b3a833032f07d4e47c7af6ea7bace;520.241268;transfer;192;4;54;focused;established;15.75;low_risk
T343;0x16cac4488ea52c294dedbdcdb6906fa73a088380;0xd4593947e9b1d5d503caf8ce90102967ac635593;734.7544664;transfer;192;3;63;focused;established;18.75;low_risk
T344;0xda9e7e0931d79edcb666d3b0e7b12f8bad18201c;0x3bf680566aae3798fe0b10c1f0ff284005af83c5;625.2386083;transfer;172.16;5;60;focused;established;15.75;low_risk
T345;0xf454690f55bcddc5d8a29268d60bc158c49da5bc;0xa1154e580cec142f95096507d91a8ca0f85ab5f3;754.7064652;purchase;192.168;3;78;focused;established;31.25;low_risk
T346;0x5d36cd2cc12e48cfd3a6b136995643a335d14cdf;0x2c1a91f45c0decdbf8c2b84abdb0a349237f7f41;23.53453133;purchase;10;4;71;focused;established;25;low_risk
T347;0xbe9deb352c06de4d13094d3b005a2f6176e0b4f1;0x503a83a4233e05cbd8d5a3ba1e5e2bf1cbec34d6;337.1385861;phishing;172.16;2;29;random;new;100;high_risk
T348;0xeb483de9b80e286c629f10571cdafa6f397b8bde;0x8011eabd635fba655eec4f0ff821f19c49886246;236.5313647;transfer;192.168;3;65;focused;established;15;low_risk
T349;0x2c934cd327d06eca3c8232ae66a818e1d9daf0c9;0xadc445c80282504e4af6afeb5681fded2c3d6069;377.2959506;transfer;172;2;24;random;new;26.25;low_risk
T350;0xd5a98e35d92b478ad4dbefdf2b55b22f331043dc;0x817f2211eafd4e6915d4b90985f8c7a8a37cc146;362.1587318;transfer;172;4;49;focused;established;15.75;low_risk
T351;0xf69856e25444d5fb10dc3b6f2a320e6c1efc3a09;0x0217ebffb80666640da500fb4380890fbd2ae92c;331.7329856;sale;10;2;27;random;new;42;low_risk
T352;0x7edf38e871e45f5ba43353447099e31d327188e2;0xe1f00d8ea230e1390b3ba2a7cccb1a2fd6a12f8d;395.0876732;sale;10;7;106;high_value;veteran;52.5;low_risk
T353;0x0f91c61e58fd468b96f50aa53673b9ffccfaa89a;0x908418cf209864ca683aafd249bcb06ce183ce95;363.2008518;transfer;10;4;66;focused;established;15.75;low_risk
T354;0xeb1ace6be0f69e1b5bcc0127d3f0d338b5c7fc8a;0x6052ba813476bc1a645b8aefd506802aaf80fff5;489.831995;purchase;192;5;79;focused;established;26.25;low_risk
T355;0xfd20983b9a76f4d9e972208a3cc9ffbccb6e9786;0xf6746143540275200ee57c4b2aeee4757498aacc;479.4610362;sale;172;1;31;random;new;42;low_risk
T356;0xb8c13fd4ed4032e9499c4cdd0a2615b42a0266d8;0xeda47c81c0f873dc52cedda6d95aba05be8b8eef;506.3537882;purchase;192.168;1;35;random;new;36.75;low_risk
T357;0x07f5d673750440692d3e8fa711e48d890091e5f3;0x86b61ffe9ce4da504e6b7cf3f0925c1941265074;258.7132743;transfer;10;2;39;random;new;25;low_risk
T358;0xd4355d160c0ffcf2a0eadfb6c8032a65abb28481;0xa7d28d12edd41e5605b632d8b920bad80bd5b69b;658.1881324;sale;192.168;8;120;high_value;veteran;52.5;low_risk
T359;0x6ea3d72549454439f7d6ed396f1b8e79f2543561;0xdad6c712fb69b8567240f88db440a929808bcc58;419.7775456;purchase;172;4;47;focused;established;26.25;low_risk
T360;0x43551a7291436ea55bc2fa8cf5a593408c1c38cf;0x8b801406aa5fcb72dbca8d67de360f0bcf0f755b;541.5779892;purchase;192.168;3;55;focused;established;26.25;low_risk
T361;0xc9e1d79c25a3f5ae3c2d03f0982a3465d1e19a3f;0xbefb76a75db163fc3a3db1eaf2bf291e07d3f868;650.5654082;purchase;192.168;4;50;focused;established;26.25;low_risk
T362;0xf9414614d09fadc93f4a9fd8196c767b200b1702;0x4f493d085b68be27a864d311be4fbffff4984186;842.8511801;purchase;192;2;25;random;new;43.75;low_risk
T363;0x02ec8396ef494846a98ae386519bf6d91ed8d110;0xbf3e3ac02821904c4b43c2f28a5453727b1c2297;125.7216513;transfer;10;2;23;random;new;25;low_risk
T364;0x8088d2991e3fb2854ee5851d41cafc358a72a054;0x3cb62706438c3d2215f1397246463a6eb4ffdb47;416.3073747;transfer;192.168;7;94;high_value;veteran;36.75;low_risk
T365;0xd6cb9fd0d3ae186999f8c6f11ddda3a6654f0136;0xa98da176ad0a49c8115211686641f1a6c2530830;65.72341821;purchase;172.16;4;43;focused;established;25;low_risk
T366;0x0ad8484a353ad7e38bb893f8d331d5adbe1b71e5;0xbc0e27ae9893a5e85565ece8bb5d44d879942925;816.9904119;sale;172;6;104;high_value;veteran;62.5;moderate_risk
T367;0xa0a19623fa75eae2eae5d45eb115574d6aee9390;0x6f2c09034ef9faa8a4b1223181df218c7f5d76cf;385.0862615;sale;192.168;1;32;random;new;42;low_risk
T368;0xc1c425042188c182c720f0853279cadf5e75ca87;0x0401381a6d6751e0e21633b32217d58ae90980d4;0.01;sale;192.168;7;113;high_value;veteran;50;low_risk
T369;0x8ce255e9331f5372dab592da1e80daad25f5275f;0xab134c13386492dc8adc37cba75b567435ae09fa;279.5094902;sale;192;6;83;high_value;veteran;50;low_risk
T370;0x8dc3ba6ac5abfb17dd1ea5c9219fa276db59676a;0x44a12f1064beac8b97d973667037a8bb92f16f78;677.7450856;sale;192;1;38;random;new;42;low_risk
T371;0xf454690f55bcddc5d8a29268d60bc158c49da5bc;0xa1154e580cec142f95096507d91a8ca0f85ab5f3;363.9937278;scam;192;1;33;random;new;94.5;high_risk
T372;0x4f3070a2a31388c4897667752bbfac56d6426bb0;0x9508352b847b315becc6441ebf344f9bc19e2ae7;482.1990089;sale;192;6;109;high_value;veteran;52.5;low_risk
T373;0xd1cfa6e0a84c1866bc2348a366c41c608791e611;0xd1cfa6e0a84c1866bc2348a366c41c608791e611;757.6601226;purchase;10;4;60;focused;established;31.25;low_risk
T374;0x6f978be565d6d01f74c819eec715a8a4d026b679;0xd913a203361cd6cb953daacc157de07ea0ac5017;629.5675841;transfer;192.168;6;89;high_value;veteran;36.75;low_risk
T375;0xb230a64ddd307d1f8fe971f0c1a5ed66ce74c721;0x81bd0a46c9cc4dc5b410abb4de1f3d5fd83c4269;487.4617163;sale;192.168;8;91;high_value;veteran;52.5;low_risk
T376;0x6ea0e02fb6ee893dc3b70b98df1a48165d28eb09;0xc28cbdb253f12174f7aa80ff6c6660f2e09397d7;618.4121487;transfer;192;8;124;high_value;veteran;36.75;low_risk
T377;0xfcf9a3467d3d93688fb17b4ebb6b681b1fa29f94;0x6d4f7db757a1bd6bb43029ee13c037651ca20c74;373.6185035;transfer;172;8;103;high_value;veteran;36.75;low_risk
T378;0xfecac86c26e9050f8863e828c4d55f88978c3218;0x463667453bef14157dc8fc348fcec7b01c6a71ea;356.9869592;purchase;192.168;5;61;focused;established;26.25;low_risk
T379;0xaab8f65bc1ec750c420ca9ecb5b53c918adbf64c;0xffbdcd1c606b88a37e953dd81cc8d20b11a9d77a;315.1950303;transfer;192;2;36;random;new;26.25;low_risk
T380;0x5efd06e7c1afa2175612c1022c0856b069dff939;0x74c42b531c4e21033a9f98b85e1de7cfc60b761e;451.6077501;sale;192.168;7;133;high_value;veteran;52.5;low_risk
T381;0xb2e2e656aaaaa0edf8a448d9a2cb6ea1d0cb6860;0x2db898c7146a79658284d3c1f378b0bd4de02348;354.905082;transfer;172;6;150;high_value;veteran;36.75;low_risk
T382;0x96a8bd33243cb4436b885b4c101f406acc5656f1;0xb1c89ffcef4d8a5202b8baad65dd26da0855c87b;473.8856342;phishing;172.16;1;30;random;new;100;high_risk
T383;0x9b9f0a3de7288d0701245e702ffc843fdd03790e;0xabe13221982d3220a2b61e555e100ebd2edba4e2;619.4198845;purchase;172;3;67;focused;established;26.25;low_risk
T384;0x364b5e310709b4424f3248e11df3c79f8a60a3c7;0xbc5b7170946b3c50c5cc2ca79fe505e29f4ffe44;310.1456094;transfer;172;8;117;high_value;veteran;36.75;low_risk
T385;0x828e57a298f4129548a8817acece3ce25fdcea6e;0x2b0f5dc3f68a95b86f5bbb428f57d3175689c0f0;525.4223157;purchase;172.16;3;74;focused;established;26.25;low_risk
T386;0x44d17bf735feb8350bf5300b8d84ece560501cbb;0xe350063f2b058064a0a9eeafb5d8b35df290bf6b;558.3335063;sale;172;2;35;random;new;42;low_risk
T387;0x066d579091ce669f3f1911b7e5b1531f9dcd5777;0x8502040594fb7ec65c6e7d8c93b39664c49ad866;98.01466905;sale;192;2;32;random;new;40;low_risk
T388;0x052db6ddeb63da161f97058c5f016c9c52121caa;0x1c97c1271760b2619b6b29b289fc53a44dcb5b12;166.7742787;transfer;192;5;76;focused;established;15;low_risk
T389;0x30a345492deac68dfe3ba037f15c3397cc3ff606;0x7b0afbbab9b674040dfa791579b6cbdb931c37b4;575.2374293;purchase;10;4;70;focused;established;26.25;low_risk
T390;0x3f02a06ee182fcef65b1e4dc6c8495c73da11bb2;0x07ae54d2cca63499e1b18bd44ef724cd2b1504cc;310.4424399;transfer;192.168;2;33;random;new;26.25;low_risk
T391;0xe10fd2a98505e27f1a320465c0fbb31f142aa706;0x7377472963b82385c32a97735ea236c6db8036d8;880.3341254;phishing;172.16;2;32;random;new;100;high_risk
T392;0x9e9825c9270c32806258280aea5ae4654b6d5ea4;0x35dbe8b614e4479ef928b2c6cc4aa66b3a181b1d;923.6377718;transfer;10;8;137;high_value;veteran;43.75;low_risk
T393;0x30af547e2b42b533d415d9f210fee0b85bb9526f;0x6bb10ea56f57488625e375165d8df04daae24cd8;544.4194925;sale;192;7;93;high_value;veteran;52.5;low_risk
T394;0x93efefc25fcaf31d7695f28018d7a11ece55457f;0xe59f2f58453f78998f9144091a2ab2cf36ffb15d;776.6018593;sale;10;8;159;high_value;veteran;62.5;moderate_risk
T395;0x1bb2709ec3e970c36b6fcda1eba92a7734440f74;0x13e3398b6af7e45f73b12f41e9d66bd1da7e805d;971.4239299;purchase;192;3;57;focused;established;31.25;low_risk
T396;0x2427fcdc1033586ba672780fea1d662e75681dcb;0x34c4b40b4d2de865b2845b4583d2b5835b9ad195;788.556329;purchase;192.168;5;53;focused;established;31.25;low_risk
T397;0xe3cba2dd0c1ab1419e3ebdb5babf2f18ec065807;0x74a8927bbb9f4ca8c0a3feede1b4b890a10342ee;947.9015891;sale;172.16;8;103;high_value;veteran;62.5;moderate_risk
T398;0x0ad8484a353ad7e38bb893f8d331d5adbe1b71e5;0x4bfe6fa35149db081520aea5e503946572718756;0.01;sale;192.168;1;23;random;new;40;low_risk
T399;0x0b9fa7d378875d90d20f6f5ad56540baf0a76d71;0x30af547e2b42b533d415d9f210fee0b85bb9526f;1001.216749;sale;172.16;7;128;high_value;veteran;62.5;moderate_risk
T400;0x29eb22d2110b8a73ee78542975d2fb701f31929a;0x11f40ae67f6b648e8b4bbc2d1a04c665214f7d25;691.476024;purchase;172;2;35;random;new;36.75;low_risk
T401;0xe940b8c67021d82d3ddf2a8e79e8b93527e20a11;0xa24d3657c13f26c04c8a393cbcc12705d6ac8abf;638.937794;purchase;172.16;4;77;focused;established;26.25;low_risk
T402;0x18ac43c108c55f7203d6cf545142c747e91b1e2b;0x577754308538f4be10a41afb4f8900cd24d7098f;166.1554149;phishing;10;2;27;random;new;100;high_risk
T403;0x07f56404924fdf1b307a6e1f9e22b06ae5532fbc;0xcf9e3898e418e3dcc57601de78ca5f684f0fb05f;275.2853226;phishing;10;1;21;random;new;100;high_risk
T404;0x02af9102a2b6e8fc4dbfc65e7d9280f732374fb3;0xd37c6b8b5c6d362ee4ba439ddca3056f880cdd3e;469.5348972;sale;172;1;28;random;new;42;low_risk
T405;0x3cfe8deb14a2504f0bf3ae1d9d2ea80b1036e2f3;0xbbcf7c51f7a98b178d205e5a104f2b82586a0b3e;740.7094636;sale;172;2;24;random;new;50;low_risk
T406;0x364b5e310709b4424f3248e11df3c79f8a60a3c7;0xbc5b7170946b3c50c5cc2ca79fe505e29f4ffe44;482.1038603;purchase;192;5;56;focused;established;26.25;low_risk
T407;0x05ba8f096cd5c9bdfc568ee2b282680999a373a6;0xac3e030103fa273e36f2cd7ece1f316961be6fe5;844.1271853;sale;10;7;95;high_value;veteran;62.5;moderate_risk
T408;0x81b86feda8f0eac2e88a71e30c62d179877dbd4d;0xfa45921781154db0fcb8468b20a368e48cc8bf4f;272.7624744;sale;192;6;83;high_value;veteran;50;low_risk
T409;0x44155e9a18cbdb540dcff0b1aafb54cfa723ae11;0xe1b826d77ccdf1db9eec289e38cc32688c858e1d;466.0296769;purchase;172;1;38;random;new;36.75;low_risk
T410;0x0b9fa7d378875d90d20f6f5ad56540baf0a76d71;0x7aa588d3849b9d182dbe78f93fe3a324f2b09771;550.463538;scam;192.168;1;26;random;new;94.5;high_risk
T411;0xf0d6bebfc2d985fe3f46d2d9c04819ffb9e6d605;0xda6f58d5369d83a6d4307e43b822d1b01cda0a82;440.4818708;purchase;172.16;2;39;random;new;36.75;low_risk
T412;0x797faa1b52ccc2706f55dd09edd1974ba857cd86;0xfafb6c7bcac939fccb380f622e3d2630d5b02ca8;732.6262291;sale;10;6;148;high_value;veteran;62.5;moderate_risk
T413;0xab134c13386492dc8adc37cba75b567435ae09fa;0x52f81c35946a6611121050f0c011aeea6fc8a1e6;688.138712;transfer;192;3;59;focused;established;15.75;low_risk
T414;0xcf1d232d32a59d5cb3c693171b13adacfdf9ccd6;0xf324227b74dab9874dab06fdc8656e7420e7d1ab;267.213265;scam;172.16;2;27;random;new;90;high_risk
T415;0x21d78112adf535b1b37d6d6b6962fb1a6656c90d;0x8088d2991e3fb2854ee5851d41cafc358a72a054;768.5549667;transfer;10;5;75;focused;established;18.75;low_risk
T416;0xceda6c769350a084f02a6e5f2fadf269ecc0c37d;0x8b801406aa5fcb72dbca8d67de360f0bcf0f755b;379.1455026;transfer;172.16;1;21;random;new;26.25;low_risk
T417;0x671b3d6e61b13b7b34da2e4bec1ff1dae97bf562;0xe69d7f167cab48bfda9d87cd6e5dd7d75b7bf5ce;382.2101329;purchase;172;4;52;focused;established;26.25;low_risk
T418;0x7a8ee352be59203fb99e874c83a6c70b23a22557;0x59782533a39cc5cd27bcd041a6eee1a8e1addd39;720.4044465;purchase;192;4;74;focused;established;31.25;low_risk
T419;0x44155e9a18cbdb540dcff0b1aafb54cfa723ae11;0x5449125c46f3e2a781b8b5f074d7ac17c5aafc29;570.6547182;sale;172;6;133;high_value;veteran;52.5;low_risk
T420;0x41625efc8faf9a45b7e2573215897be5a4753c51;0x8011f8540db66bcd151239583c14ba727eca9af4;1089.558786;transfer;172;1;26;random;new;31.25;low_risk
T421;0xe3cba2dd0c1ab1419e3ebdb5babf2f18ec065807;0x74a8927bbb9f4ca8c0a3feede1b4b890a10342ee;701.0818375;sale;172.16;8;100;high_value;veteran;62.5;moderate_risk
T422;0x5297edd262e7084608cbbcb8d666c86b4740ce6c;0x7546f7d1e51eb729ddc78a924c293371ae3c5e53;291.9247001;sale;172;6;152;high_value;veteran;50;low_risk
T423;0x07f3c48b2cd667dcc915384c1d30be2973898a26;0x2427fcdc1033586ba672780fea1d662e75681dcb;515.0127589;sale;192.168;8;149;high_value;veteran;52.5;low_risk
T424;0x64694db68cb902406d4c232f4064e49f5bf9b591;0x5b3c49dc48b4c9d92f2a7ecb088d424ef5e86337;800.3757723;transfer;192.168;7;87;high_value;veteran;43.75;low_risk
T425;0xa99b9a7f5c5dd37429771efd3b93c6fbe1ab2936;0x617b83371b4c65debb6c2e90de89c827ddcb0884;631.3868156;scam;172;1;22;random;new;94.5;high_risk
T426;0x44155e9a18cbdb540dcff0b1aafb54cfa723ae11;0xcf741923dc066c7d712376efcecd1ff01545a71f;132.812806;purchase;192;3;59;focused;established;25;low_risk
T427;0x6dba1e7e4b028ae707ef8cd599ccc7ef81971cac;0x6f978be565d6d01f74c819eec715a8a4d026b679;701.8551155;sale;172.16;8;126;high_value;veteran;62.5;moderate_risk
T428;0xb6ebb8a35948ad86052e78da2a2ee2d8197f919b;0xe9369dd248e1c97c9c93ab93d18ce2f153fef19b;1146.790172;purchase;172;5;56;focused;established;31.25;low_risk
T429;0x62a08fb25dd44f8c7e6150fd79773793d311f43a;0x9c68fbcc6a82bb710b0ebfadd76a4c81ad6765c9;184.6095498;sale;172.16;7;118;high_value;veteran;50;low_risk
T430;0x563ecd63c5db552023c4de7bdcf5678feaa32ef8;0x5b6124ac76b58955e1de4c58d87e5bca4c881aee;587.9855767;transfer;10;3;72;focused;established;15.75;low_risk
T431;0x6d0357508b43df4409e7e3b1f1a9b20e35bc6828;0x233a6d15859e0be9d61e78ddb232e638c8152aa5;691.6679252;transfer;192;5;43;focused;established;15.75;low_risk
T432;0xcd6c7bd7ed48fe825845ff6ca3a8e9ae599dbc15;0x61beb24799b2955d1faa1a1bb1b6383b88158226;779.8909918;sale;172;1;33;random;new;50;low_risk
T433;0x85e741760a4df0cd6ab9c26747932ce71fa93883;0xf54bbc643ab9f5d23a995afb9aa0d1f523b5d3dd;898.9994479;scam;172.16;1;31;random;new;100;high_risk
T434;0xb0c78af4f633bcf7e179f09e730275af761dc851;0xae2329750ebde32ddab1489977bc0585979fb81b;826.9199416;purchase;172;3;59;focused;established;31.25;low_risk
T435;0xdd2a6104563d84dbf28c974c2532c62a2ab0b6ea;0x1cbae106f89f3cd4d4ba3d4d92cf2caedeb1dbac;661.9501385;purchase;172.16;1;36;random;new;36.75;low_risk
T436;0xf7ced5864bb1ecac8f73fed187dbb215b35127fe;0xbd6260f5715f2dcd4cd45e50d513f50ece2108bd;102.3718471;sale;10;7;101;high_value;veteran;50;low_risk
T437;0x1e41702655798ff1546ad5d9ebcccae5af47362f;0xc650a36cc875e1672ae1c8191f27b6b9d8929100;645.6918554;phishing;172;2;35;random;new;100;high_risk
T438;0x860a896fc246d9737dfb63a86acbb7c102afdeb8;0x0f91c61e58fd468b96f50aa53673b9ffccfaa89a;167.9163719;purchase;172;4;51;focused;established;25;low_risk
T439;0x2c4fbce6eb44fb7847bd9784c63213eee683a8c8;0x39f82e1c09bc6d7baccc1e79e5621ff812f50572;264.2103486;purchase;192.168;2;37;random;new;35;low_risk
T440;0xeaf31949dcb90e9c097c85479e27a8b78852f80d;0x2c66467afe153987ff882c4edc2020a0c041cc0d;598.6514632;sale;10;7;80;high_value;veteran;52.5;low_risk
T441;0x2218d4d12de8f2c05150e12547bc6901f81a1c3d;0xdc8b9daa7a8f4fc54e642e35b2e677b859592c9a;375.14626;purchase;192;5;56;focused;established;26.25;low_risk
T442;0x231dd8e2959e878a59a26ebdbf6f7d122403f350;0x1dbe65c1078ef62ef4c5d1d0d2ffe32b59e1079b;472.0312699;purchase;10;4;64;focused;established;26.25;low_risk
T443;0x57b810dcfebcdd6b93cdad457767b87989f40db1;0xae2329750ebde32ddab1489977bc0585979fb81b;244.4615566;purchase;192.168;1;39;random;new;35;low_risk
T444;0x7dab43a81b67a6a6f300c7e9de48ddfbb4f9805b;0xefd944a8b19989fc05e41a3be3a5125c55f2486b;322.7316948;transfer;10;8;108;high_value;veteran;36.75;low_risk
T445;0x16586a25f66d9f6d7f8ab27b1e4286f84f69c97c;0x0c3d664e0278147460b1473376d615be29300f08;641.4782582;transfer;172;6;146;high_value;veteran;36.75;low_risk
T446;0x3b35b9aa6aee49164a959545c0ee0b98525d7075;0xd9066ec8542ffa81f6d8ef96bf94c758445d0f11;260.8671406;sale;172;6;85;high_value;veteran;50;low_risk
T447;0x5b6124ac76b58955e1de4c58d87e5bca4c881aee;0x8ed9b6d415fa1327948935eb61ac908d52dadfe3;749.4183915;sale;192;2;34;random;new;50;low_risk
T448;0xd4355d160c0ffcf2a0eadfb6c8032a65abb28481;0x10b7c7995a4a310c1a5b6560dbd56f8a2ed01ea6;532.1027301;purchase;10;3;68;focused;established;26.25;low_risk
T449;0x22ccdd76da6ea44a34cf71d61a6f664a4efb5e60;0xaa3037771832558e28780a899bf9cbc13766a9c3;102.6285044;purchase;192;4;47;focused;established;25;low_risk
T450;0x7ac4328b7d9a16be3d0b392ca31129740f3db79a;0x6d2eeab1c90aaf2537c11d1a05a93fdf029607d2;445.5690501;sale;192;2;24;random;new;42;low_risk
T451;0x6d276f36f2f21d44f048bc4488dde11cb0fd3a0d;0x7dab43a81b67a6a6f300c7e9de48ddfbb4f9805b;226.5705436;sale;10;7;103;high_value;veteran;50;low_risk
T452;0x2d2e9bc176773d49eea98d6983fb4931d1d87707;0x16dfa2c3b52aae5eaaccd191fa7d2849e6dd4210;692.4972286;sale;10;8;145;high_value;veteran;52.5;low_risk
T453;0x6fdc047c2391615b3facd79b4588c7e9106e49f2;0x1a5e38f7c5702a811e8f35146e19607c825d1af3;470.6544038;scam;192.168;2;21;random;new;94.5;high_risk
T454;0x72bf0dfb18e52ecff950c16610aa8f48b66ae942;0x7f44f420825c537eb5ec849b7e229c3df253c7f7;230.6082944;transfer;10;5;58;focused;established;15;low_risk
T455;0x97bccfa87c9ad74442dac96ada79de9b1399dafe;0xb618894715ba7fa4901ccc99fcf097b0c391536d;624.8133092;transfer;172.16;2;27;random;new;26.25;low_risk
T456;0xca22475c4e661dd31340a9d6a7ec669f694ff981;0x39ef75d36ba964146d45340e959f8dd25c48a6c4;172.3736971;purchase;10;1;36;random;new;35;low_risk
T457;0x05a410a3b94fd42a8505c6a3f8ef871efe8d1f38;0x5e0e1fc2f0e68aca40392203f0a56f8475c73e47;410.6059859;sale;192.168;1;20;random;new;42;low_risk
T458;0x113844f9fdd2eb60e8083dec243c1d9522c8af9a;0x91c962a93bf0e520e89f4c6d1f8de95ceedca748;641.1051584;sale;192.168;8;157;high_value;veteran;52.5;low_risk
T459;0xf401a86f5328ad20367b9676544e77b5f4912622;0x5ed6dee88c12488a9b37eb81b82612f21b264eff;801.5690904;phishing;10;1;35;random;new;100;high_risk
T460;0xd620eeb117bf8e6ebfb7c8d0df00583a1d72fe43;0xc0b6dca96a6e5e00299243aa48a766f83318a2a1;234.0551486;sale;192;2;37;random;new;40;low_risk
T461;0x1fc898379ddd2bde90b4cb4b89b48d39f90b0196;0x0496b829a3ede37a92aa2b9b101549ed23018cb8;224.1344122;transfer;172;3;49;focused;established;15;low_risk
T462;0x8fddcff9501aad6620a141145e5c35ae09336001;0x4f38e26c9996f0314a4d79c4a2874446e719b43a;0.01;purchase;192;5;40;focused;established;25;low_risk
T463;0x9aae2a9d1f85990c818365c1df71ea305ad0cef0;0x66b871992b2d3ebf1e5b94699275469800e796ca;750.701075;sale;192.168;8;89;high_value;veteran;62.5;moderate_risk
T464;0xaaf2483f28bf10330253f83f9e016e1b900ad78b;0x8cc00387692b83d2a1f67e1647ebee4e42e6f094;676.4817231;sale;192;8;137;high_value;veteran;52.5;low_risk
T465;0x3920654b65bf243baacb2961c72bec566d178d65;0xaa9eab5bc49fd4ff7319f0c2342c296c4039ff07;421.929948;sale;172;7;125;high_value;veteran;52.5;low_risk
T466;0xd06421f21a9b28961c8433bbd51e7dc9fde28f6f;0xc599e8d98e018d78155ca11da5ab8612e2378c69;105.9790979;transfer;192.168;3;74;focused;established;15;low_risk
T467;0x068b2d763fa2b7bf7df1bbe747ce65665450be98;0x84fd9c13413c28933ce2b04b368886c690e9aa16;308.2116172;sale;10;7;139;high_value;veteran;52.5;low_risk
T468;0x8712d57e5d22ca836f5e91eed126267aa439f2ee;0xa54843f79634c44f482003f687a03abf39cd3a40;807.7581737;sale;192;8;141;high_value;veteran;62.5;moderate_risk
T469;0x3cfe8deb14a2504f0bf3ae1d9d2ea80b1036e2f3;0xa5f85c8077d48809e9f9bed7363dc9e8d77049d5;920.7370164;sale;192;6;144;high_value;veteran;62.5;moderate_risk
T470;0x29c8e4fc4a6e6b75c64fed03262b7baffc75895c;0xdc8b9daa7a8f4fc54e642e35b2e677b859592c9a;551.9010784;phishing;10;2;25;random;new;100;high_risk
T471;0xabe13221982d3220a2b61e555e100ebd2edba4e2;0x2d10d963762880fd3909714cef40aa8139f8bfdd;331.6534495;purchase;192.168;4;77;focused;established;26.25;low_risk
T472;0x9d713685aa4754b4f42042c8fb4e0fccb2bbc9b5;0xfe17058fec943ce187bc5b49ea6fe5e24b632e5e;465.8701941;purchase;172;4;48;focused;established;26.25;low_risk
T473;0xf6511ed068459cab3225fb900437fdfae446e53a;0x0ce96e253ce21998420a9e9797a4b6acce9c5ad0;332.4432763;purchase;192.168;3;65;focused;established;26.25;low_risk
T474;0x16cac4488ea52c294dedbdcdb6906fa73a088380;0x38a75a8624bff4732f2298a515d3b606d090a0cb;390.0689494;purchase;172;3;48;focused;established;26.25;low_risk
T475;0x3a4a096e18d69bdc5cfd2505c45b019f34b323eb;0x96afc90cf5f7352fce41024eb6e11076ee445acc;511.4790885;phishing;10;1;23;random;new;100;high_risk
T476;0x7546f7d1e51eb729ddc78a924c293371ae3c5e53;0x00f47be991d8e476be53b937a627a0a938355f98;481.441882;phishing;192.168;1;24;random;new;100;high_risk
T477;0xaa3037771832558e28780a899bf9cbc13766a9c3;0x94ed0de7f781533e80fc25a29c1b613eaf01ac62;0.01;phishing;192.168;2;28;random;new;100;high_risk
T478;0x2b1855903a4ecb9bc5e86e570b86990d03cb1101;0xb7f0592b292adbc77cb6d14e7dc6eee2206ce4a0;543.7457233;sale;192;6;152;high_value;veteran;52.5;low_risk
T479;0x18d96e2ae166845d3dd72cd70978d18b4f429fac;0x74403034b79c5a0ad26726c04e5babff417accc3;165.7509178;purchase;192.168;4;78;focused;established;25;low_risk
T480;0x5d82446fc02f35361ed34a0edf756d3fe180772e;0x962410e3a5e34b5b53ade59b698cf492515c1ee3;435.8855631;purchase;172.16;5;77;focused;established;26.25;low_risk
T481;0xa46311de7e9eea8e4e35889ca481a22acf5b5aae;0x17aa2ef2f21fd194cc27a264a41c0fe629c381f1;124.4706491;sale;10;2;28;random;new;40;low_risk
T482;0xd9800d4fcd3513d882c2a0302ee10105cb993d22;0xca97e8baf6195e4211292292b9dd3bceaa2e19d9;804.5054619;sale;192;1;20;random;new;50;low_risk
T483;0xaaf2483f28bf10330253f83f9e016e1b900ad78b;0xa90b541bd2dfef162b82073318ace3fcc57340d9;74.70434084;transfer;172;7;125;high_value;veteran;35;low_risk
T484;0x26bb06e423366b56da535932a9541e183597b21a;0x46dad6c654f0a8830b1e3976ed33e08491dda41f;547.2408138;transfer;192;6;83;high_value;veteran;36.75;low_risk
T485;0xba33c4477cb9e13831f9122c049e2b06ed91a0da;0x7cb57ac73f0c5a47b4501774b9ef68c26eba852c;485.6444137;transfer;192;7;132;high_value;veteran;36.75;low_risk
T486;0xd65c0dfd43979d91be1df7951da4da72899380d2;0x880517c4e61f634eb26e59e702726e2cbae53959;669.0271235;transfer;192;7;106;high_value;veteran;36.75;low_risk
T487;0x52c7911879f783d590af45bda0c0ef2b8536706f;0x6d276f36f2f21d44f048bc4488dde11cb0fd3a0d;624.3082808;sale;172;6;93;high_value;veteran;52.5;low_risk
T488;0x6220a921f7a456e678799b84405cf012e6381820;0x559b92a49a06bac3e9e2891e6970db6e572ef3cd;372.991701;sale;192.168;1;39;random;new;42;low_risk
T489;0x70206743a23a52487e5e7c3992390e879da6e40e;0xdd34c90740abc7ae1be11e0ce4f0a061620407d7;506.3300904;sale;10;1;27;random;new;42;low_risk
T490;0x3e03c4e2b71316c1cbb0729959b54dd039c38187;0xd78dd09a57b641997c2f1e3ab3712fdea9ad4858;389.1242691;transfer;192.168;2;33;random;new;26.25;low_risk
T491;0xc867aed43b9f3981660886955e5aa0874b0c472b;0x98d04db467e7d2186281b90084ace88d84ac2871;177.6732887;sale;10;6;100;high_value;veteran;50;low_risk
T492;0xf0ba37ff365ef1a8a704306014f088a6bd744572;0x2a3fab88aa247b222f23a804d3f4b1437bb6cda7;467.6241488;purchase;172.16;1;26;random;new;36.75;low_risk
T493;0xaa9eab5bc49fd4ff7319f0c2342c296c4039ff07;0xb078505b8bf2f1e84f9b187323abcd4f5b8c5c04;332.0140484;purchase;192.168;4;53;focused;established;26.25;low_risk
T494;0x4ee64b1d1704498a40940040f28c6109d5b9c1ce;0xe4c68520d78b29150c4daeab415c1190c50c9bb2;577.6942773;sale;192;6;91;high_value;veteran;52.5;low_risk
T495;0x94ed0de7f781533e80fc25a29c1b613eaf01ac62;0x1f7a762f301172dc7d218dced4113a6cde416e5e;820.5182204;sale;172.16;6;134;high_value;veteran;62.5;moderate_risk
T496;0x0e7af9cd50f3db30d7d58fd6fba5e53af590b615;0x11229f1b76e0b0a36aa08911872979e7571de3a2;0.01;transfer;172.16;7;142;high_value;veteran;35;low_risk
T497;0x1cbae106f89f3cd4d4ba3d4d92cf2caedeb1dbac;0xe39ec067dc8caca519b0ef9d7c7218a6ad20bc36;705.4072854;sale;192.168;6;143;high_value;veteran;62.5;moderate_risk
T498;0xdd34c90740abc7ae1be11e0ce4f0a061620407d7;0xe467d6c2f9a5dd2816cc675d7700bd78ab5b6b1a;360.1787537;transfer;172.16;7;129;high_value;veteran;36.75;low_risk
T499;0x5e93ba3a36c01f4fda0f725caf7c840a7f0d248e;0x2b3cd5110e84f8f43e132c4b99caa8091d9e4a18;271.46485;scam;172;1;28;random;new;90;high_risk
T500;0xd4593947e9b1d5d503caf8ce90102967ac635593;0x07f5d673750440692d3e8fa711e48d890091e5f3;713.2151511;sale;192;1;36;random;new;50;low_risk
T501;0x6ca5002038d78cb7c3cd12457c13273e0182c46d;0x153878e6d9c2eaf0db66336b6bc0d378b87789da;563.0240395;purchase;10;4;42;focused;established;26.25;low_risk
T502;0x503a83a4233e05cbd8d5a3ba1e5e2bf1cbec34d6;0x11f40ae67f6b648e8b4bbc2d1a04c665214f7d25;796.1863982;transfer;172.16;5;40;focused;established;18.75;low_risk
T503;0xb9177e55706f4a102633d23deb5a20b5912b4042;0x003ebce509d14e6252dc14c35beb43d2dc52f35c;300.6423689;transfer;192;7;124;high_value;veteran;36.75;low_risk
T504;0x9087264ae4da5bdfad755ad5457874b044958b0f;0x8f1cca54bcb23e6076872786b2e35caf1fc6815b;57.3864144;sale;172.16;8;126;high_value;veteran;50;low_risk
T505;0xcd0224a312066348b21dde642b4a88a0be8af3bb;0xbf8070e49fd144048c3c13fa0cb14d136252c0c9;899.9821734;purchase;10;1;37;random;new;43.75;low_risk
T506;0x91f9800a9869e0b83a63f73f08700ecffabdf427;0x68f0d0361fc4d888ee7970ce3aee2d0ecba0f5ce;722.2263997;transfer;172.16;6;87;high_value;veteran;43.75;low_risk
T507;0xef361793cd6573a2ea89fb9913efb850fa5430f0;0x79c40a2f24b14341b8eca580df4702b5748343fc;547.5298571;purchase;192.168;2;37;random;new;36.75;low_risk
T508;0x1ba6eae7fd8d9706e647f556e0937d40155898c7;0xf0d6bebfc2d985fe3f46d2d9c04819ffb9e6d605;312.6504379;transfer;172.16;7;151;high_value;veteran;36.75;low_risk
T509;0x992ff96a3bf0676cef2d26d0276b27456ce19e7b;0x4e146e3c800bb3000f80a7ac3c07df940775b8bd;558.7501272;scam;172.16;2;32;random;new;94.5;high_risk
T510;0xc6eaf02209644f3eb4bca3233ddb889670f7e4f7;0x1552be5ca4b1c3b9e1a1886f9b939928b4b052f2;559.625947;transfer;172;4;79;focused;established;15.75;low_risk
T511;0x828e57a298f4129548a8817acece3ce25fdcea6e;0xcca095ad2d508c200bda1141f783d77c3e6cbb08;206.2083162;sale;172;8;115;high_value;veteran;50;low_risk
T512;0x13eee864beb2f1d95913a546a41c16f94a689d42;0xe0b340171486b08f0c1f4ac607ed776478cefd2b;433.5724519;purchase;10;5;41;focused;established;26.25;low_risk
T513;0x05a410a3b94fd42a8505c6a3f8ef871efe8d1f38;0xf8455a61277886b577be973b0401a1fb3ded50e6;513.1430592;scam;172.16;2;36;random;new;94.5;high_risk
T514;0x9a8e6091512b7e88ed9e6bb620800f96598b7a07;0xc5095ea231c9ef0b3536c3a3c13d5641f2f57b1b;528.0755447;purchase;10;4;60;focused;established;26.25;low_risk
T515;0x841342e50c508ec4ffdef9b5208719c1dbed7968;0x7e6349aaec1cc0d3e1608ea45e569ec40aa9462c;482.6706178;scam;172;1;22;random;new;94.5;high_risk
T516;0x6fc2237d1414b0d8901973a0428e5998421f589f;0x7cb57ac73f0c5a47b4501774b9ef68c26eba852c;784.5638966;purchase;192.168;2;34;random;new;43.75;low_risk
T517;0xe8b9616f0b144f32cb6b8c64050b5d7be944b226;0xd651f242d9df253e53183acada0523ee55063d7f;328.7412894;sale;172;6;88;high_value;veteran;52.5;low_risk
T518;0x3f54c944ac2c388bf5f72592465a502dd126f6b8;0x13e3398b6af7e45f73b12f41e9d66bd1da7e805d;584.0396242;sale;192;6;137;high_value;veteran;52.5;low_risk
T519;0x51c0d24ccc5d9b0dd793052cb2d41efde2568056;0xe18c5ae9360a2738e941c6790d5a436f9cd0ca43;0.01;purchase;172.16;4;62;focused;established;25;low_risk
T520;0xaf96674fdbfce2cb81485f179caaf83c05aa3c4c;0xd96f61963ba7d0307dd83162f0756dff47cb436c;244.3035686;sale;192;8;151;high_value;veteran;50;low_risk
T521;0x7546f7d1e51eb729ddc78a924c293371ae3c5e53;0xe442daff205539b9d01ec135cc46c4e353b54cf2;0.01;sale;10;1;30;random;new;40;low_risk
T522;0x30a345492deac68dfe3ba037f15c3397cc3ff606;0xefae1cf982443f078d8f5d95b8e6ef931a20b559;832.6111205;transfer;172;8;151;high_value;veteran;43.75;low_risk
T523;0x1d29e3b6f9cfd846fc2cd0d8fa8df9118fcf4ff1;0xefc844da1fbc4b10b9db59ea365236140cf71ec4;468.4441976;sale;192.168;2;22;random;new;42;low_risk
T524;0xec2d86edc26d619054bd327269b6cb3dcd23a365;0x8502040594fb7ec65c6e7d8c93b39664c49ad866;458.1480868;purchase;172;3;64;focused;established;26.25;low_risk
T525;0x002bcd751410a69b3bce463890abb2fcab81a755;0xb507932588c5ecc8cc77491f8495ffec932004f8;657.8005466;sale;10;8;91;high_value;veteran;52.5;low_risk
T526;0x17aa2ef2f21fd194cc27a264a41c0fe629c381f1;0x18e38cd521df6e19e2a15ee08eba6407e921c6d0;578.8968939;sale;172.16;7;116;high_value;veteran;52.5;low_risk
T527;0x05ba8f096cd5c9bdfc568ee2b282680999a373a6;0xac3e030103fa273e36f2cd7ece1f316961be6fe5;456.8521156;sale;172.16;1;28;random;new;42;low_risk
T528;0xf1ae80c9d851e77bf75454d20a68ff50749842e1;0x2c3cfb5537f82b3baf41b0869f20b66f47d57c23;824.2126495;transfer;10;4;53;focused;established;18.75;low_risk
T529;0xeb483de9b80e286c629f10571cdafa6f397b8bde;0x1517c1a7280765e45b3b2f5df0db1476a0b4d167;123.7069841;sale;172.16;6;90;high_value;veteran;50;low_risk
T530;0xdf61c480a88c4595bc736db43a507fd45f468033;0x1517c1a7280765e45b3b2f5df0db1476a0b4d167;489.1194686;transfer;10;8;150;high_value;veteran;36.75;low_risk
T531;0xc9e1d79c25a3f5ae3c2d03f0982a3465d1e19a3f;0xd63b5e22846955862522b3a4f6ed83fa6c982acb;665.0129162;transfer;192;1;38;random;new;26.25;low_risk
T532;0x1de02529c5c5df6dfb7674ef8773117c2dff7cd4;0x03ebaf3f967767ea31c49025fd6928619ec43afd;993.4961876;sale;172;8;85;high_value;veteran;62.5;moderate_risk
T533;0xabe13221982d3220a2b61e555e100ebd2edba4e2;0x51e8fbe24f124e0e30a614e14401b9bbfed5384c;337.707972;transfer;172;5;76;focused;established;15.75;low_risk
T534;0x36a73170e993196c9d11cf3370a4203d9ced5596;0x259b47b0f998fe88407e83fb0de1b22f64606676;581.9009521;transfer;10;2;35;random;new;26.25;low_risk
T535;0xf69856e25444d5fb10dc3b6f2a320e6c1efc3a09;0xf180daa7933401b3968d63c46f57b781f19a6829;678.4949805;purchase;172.16;4;70;focused;established;26.25;low_risk
T536;0xf401a86f5328ad20367b9676544e77b5f4912622;0x563ecd63c5db552023c4de7bdcf5678feaa32ef8;913.7366009;sale;192.168;1;38;random;new;50;low_risk
T537;0xaaf2483f28bf10330253f83f9e016e1b900ad78b;0x8cc00387692b83d2a1f67e1647ebee4e42e6f094;419.0961876;purchase;10;4;41;focused;established;26.25;low_risk
T538;0x88b8bd8bfa1f2ba63f7c9c3613596b98eee4cfbe;0x927f8801cf6073f5b6da2df4def5f548735e7062;462.5808854;transfer;192.168;6;84;high_value;veteran;36.75;low_risk
T539;0xe82b6d436a2a34d3a9cc446aa45bf7377a901a0d;0x3c8325c283966ff2ce639683cfe514abc887d040;430.2518762;purchase;172.16;2;32;random;new;36.75;low_risk
T540;0x02f1f6230a6978e2b12b2df8224324adcdeed1e0;0xb9177e55706f4a102633d23deb5a20b5912b4042;674.9262969;purchase;172.16;4;48;focused;established;26.25;low_risk
T541;0xeb2035997ebf485b50d85f3337e1116e5a105f77;0x617b83371b4c65debb6c2e90de89c827ddcb0884;489.5739433;transfer;10;3;66;focused;established;15.75;low_risk
T542;0xbd7009b053817efb770308dd9f3608d834bab1c1;0xbd6260f5715f2dcd4cd45e50d513f50ece2108bd;699.6044653;purchase;192.168;3;51;focused;established;26.25;low_risk
T543;0xfd7eacfb92beaacbb69e9f9aef781022b210672e;0xeb57df95b6822a78c2be987e14df39eb23221134;16.8739193;sale;192.168;8;108;high_value;veteran;50;low_risk
T544;0x9c90e60ef483c906eaf9b4e7a438b92d56a362f8;0x9ca1dd969472ac5b19801f6d9de531c4ff830f1e;154.5896722;purchase;172.16;1;29;random;new;35;low_risk
T545;0xd2cff98e8e707049db92500414fec6f0bb5c895c;0x2e0925b922fed01f6a85d213ae2718f54b8ca305;951.1480554;sale;192;7;121;high_value;veteran;62.5;moderate_risk
T546;0x905c58bd08384496022948bde9d2a31a2cafb958;0xbe9deb352c06de4d13094d3b005a2f6176e0b4f1;698.6289435;purchase;172.16;4;78;focused;established;26.25;low_risk
T547;0x4a9f79d11c8aa1989647fee30c194d53abd4ddb4;0x559b92a49a06bac3e9e2891e6970db6e572ef3cd;291.7061433;transfer;172;6;119;high_value;veteran;35;low_risk
T548;0x6c201eeced4f16a767802b0e21ceee959e0e3793;0x898b902ae7afe9765d4bf4d88c53252665ca9969;627.2397138;purchase;192.168;5;49;focused;established;26.25;low_risk
T549;0x1de02529c5c5df6dfb7674ef8773117c2dff7cd4;0xbff88e2348397b1cc45c391e39500857d958e096;423.341918;phishing;192;1;36;random;new;100;high_risk
T550;0xd90652f8dc1d6b3e63f3da9e1aed4406e633982b;0x1200d1cdce4cf718b0ed069ae230020af3ad84c5;236.1678125;purchase;192.168;4;62;focused;established;25;low_risk
T551;0xcdcace0693e828baa1857ee5b127419bb5e7fc56;0x47cf24d6cc396f2377ab8cc1e91a0358b7b4f9b5;5.942568189;transfer;192.168;1;32;random;new;25;low_risk
T552;0x16e2bd9d9757667c267c8a1f0bf01b830eb44b0d;0xef7de32ef0a3a8cfc92b2744fc5a12bcbacd2020;852.6344414;sale;192.168;7;102;high_value;veteran;62.5;moderate_risk
T553;0x4775d293f0ae70debf235bfc638dc668fd410e41;0xa6bb588d526cb5c8c0b4d00679df0f88efeabaca;431.8921835;sale;192;7;116;high_value;veteran;52.5;low_risk
T554;0xcf2ac9bdb286c7abe81330e5b5806846bee4cd77;0x9de774eb8372200789c78698e108c588d8718d28;144.7982146;purchase;172;5;66;focused;established;25;low_risk
T555;0x47f0175366c3235fc8e51d9f4cf9167f4e5b77a4;0x691649f8bff990271b207da5b09c7e6e3c9a20b4;396.962783;scam;192;2;34;random;new;94.5;high_risk
T556;0x91ee0c3b3f87d070e260f6208c52534d36817dae;0x081ceadbcc5c2f293711b102652baa1cbccf4e52;316.6562894;transfer;10;6;107;high_value;veteran;36.75;low_risk
T557;0xef2a609fa737236b6bfa3d9a7bcde22c7c59c80a;0x3a4a096e18d69bdc5cfd2505c45b019f34b323eb;645.7898129;transfer;172.16;1;32;random;new;26.25;low_risk
T558;0xca34200a0f5750711c733e357e194de2d8a63ba7;0x8088d2991e3fb2854ee5851d41cafc358a72a054;476.4873329;purchase;172.16;5;59;focused;established;26.25;low_risk
T559;0x930dc6cad87358b5b8bf59957e8c6705c8bbb36f;0x09802f792bfbbf1f8515808f0fa68344c5625dbc;604.8754601;purchase;172;5;51;focused;established;26.25;low_risk
T560;0x35113df6868e669156e9c43a84f2cbe6ac0b0a44;0xcb23fd7053db6b998bab216286dedef9796f7d2a;369.0938327;sale;172.16;6;120;high_value;veteran;52.5;low_risk
T561;0xd2cff98e8e707049db92500414fec6f0bb5c895c;0xa0a19623fa75eae2eae5d45eb115574d6aee9390;352.7683531;purchase;192;2;22;random;new;36.75;low_risk
T562;0x57f17747698d0052bba57ce427a764a9971d5724;0x1b89b779e80271c41b1f68ae3faa420f7ca678ae;652.3551754;purchase;172;4;46;focused;established;26.25;low_risk
T563;0xd6ba299fdd52f09f01d9648036ca446498c01ac2;0xfda2b6ba8035837024610a5d601305a4772e193b;498.1818462;transfer;192.168;1;35;random;new;26.25;low_risk
T564;0x98cf46ad000046c94367f312ee24c8297c60e1d4;0xb618894715ba7fa4901ccc99fcf097b0c391536d;591.0794356;transfer;192.168;1;32;random;new;26.25;low_risk
T565;0xff4ad17b86a1a52511777aab39db4c94fa4f1753;0x1fa2e5508e01fa9c567f9762e8eba4d7848642d5;613.3412462;sale;172.16;6;84;high_value;veteran;52.5;low_risk
T566;0x1cbae106f89f3cd4d4ba3d4d92cf2caedeb1dbac;0xe39ec067dc8caca519b0ef9d7c7218a6ad20bc36;859.4625086;sale;192;8;149;high_value;veteran;62.5;moderate_risk
T567;0x6ef8f3e9a84c314613f07c945c36b21aaf5d31c1;0x1cbae106f89f3cd4d4ba3d4d92cf2caedeb1dbac;159.9202619;purchase;172;3;75;focused;established;25;low_risk
T568;0x9cff17eb637713a663af0a0a5326b755838f757b;0x27e1b1ea8116feee71947c2de2d0ac741d5ce77b;44.55678022;purchase;192;4;78;focused;established;25;low_risk
T569;0xe39ec067dc8caca519b0ef9d7c7218a6ad20bc36;0x4fce99d458b0f6a7398cf9c1de852b57f237b391;577.2125763;transfer;192;1;23;random;new;26.25;low_risk
T570;0xec2d86edc26d619054bd327269b6cb3dcd23a365;0x8502040594fb7ec65c6e7d8c93b39664c49ad866;678.822796;transfer;172.16;5;55;focused;established;15.75;low_risk
T571;0xe7dd1b23a2b84c4bd73221e4d324509fed2c7137;0xebfe67c52bf6fd7166d10befdd6102dbf660afbb;0.01;purchase;192.168;5;69;focused;established;25;low_risk
T572;0x2c1a91f45c0decdbf8c2b84abdb0a349237f7f41;0x1a5e38f7c5702a811e8f35146e19607c825d1af3;1116.533618;scam;172;2;35;random;new;100;high_risk
T573;0x346dc167fb52e26f93e8d8cb6377ee8c4c850f02;0xb85a3d2aaade00ea87bf758f11bd4ba9e1dd9b2a;725.5944695;transfer;192.168;4;75;focused;established;18.75;low_risk
T574;0xf1ae80c9d851e77bf75454d20a68ff50749842e1;0x2c3cfb5537f82b3baf41b0869f20b66f47d57c23;527.5449619;sale;172;8;104;high_value;veteran;52.5;low_risk
T575;0x166875a4412618bcb6a22da6e6c08f7aaf855837;0x0cf5993973e860bb267f2bd92583f94e02359fff;1077.849322;purchase;10;1;38;random;new;43.75;low_risk
T576;0x4d21a101a856354db6d3bd5ce56730cc26565e35;0xd08041262c12eb441ffb76d90aac6bbd4ead64f9;614.8231438;transfer;192.168;1;24;random;new;26.25;low_risk
T577;0xe44c60348b0836478cbd251beaa28da2a4125794;0x4bd19ffb6b14ff30caeef5c7fc477bc11a2399ac;660.1708139;sale;172.16;7;140;high_value;veteran;52.5;low_risk
T578;0xcd911350d6fe15e85145d6e03f2573e19b1bc9bb;0x617b83371b4c65debb6c2e90de89c827ddcb0884;804.4776075;sale;192.168;8;123;high_value;veteran;62.5;moderate_risk
T579;0x30a345492deac68dfe3ba037f15c3397cc3ff606;0x7b0afbbab9b674040dfa791579b6cbdb931c37b4;559.1524797;purchase;172;3;72;focused;established;26.25;low_risk
T580;0x82c9fd1002493e122184aba0c9e8de36efb1645e;0xf4ef3a7124f8bbcec7b67a3f227253e99290e6dd;392.4905578;sale;10;8;91;high_value;veteran;52.5;low_risk
T581;0xccf9d76cad446e4141cd7881b2da7caec870faca;0xa98da176ad0a49c8115211686641f1a6c2530830;482.4821975;transfer;192.168;4;59;focused;established;15.75;low_risk
T582;0x11e01ac1b26aa29d44c9629c05ad5bea64796ef2;0x1d29e3b6f9cfd846fc2cd0d8fa8df9118fcf4ff1;903.8956925;scam;172.16;2;23;random;new;100;high_risk
T583;0xd4593947e9b1d5d503caf8ce90102967ac635593;0x927eb5472ae6124e561287052ba08e71b72ab8c5;530.9879028;sale;172.16;2;27;random;new;42;low_risk
T584;0xccbf5a9926606c77db8391185066a8ee3bc0a2af;0x2d5b3808bf7706d3fe9b7b42488347b33ce165c8;832.5491158;purchase;10;2;38;random;new;43.75;low_risk
T585;0x0c3d664e0278147460b1473376d615be29300f08;0x4d83a707c36c3b9c3f73e38e99e2d6f7940d0729;345.5940843;sale;192.168;6;156;high_value;veteran;52.5;low_risk
T586;0x39be05077e6ea7aa5a7dca189094b03bdf823493;0x4ec8c2540b780f878fee401d267c1cc784ee374c;249.0214719;transfer;172;6;127;high_value;veteran;35;low_risk
T587;0xbd9407cd80008ab4ef633025b88e403af9e01386;0xc338a59961876d08d5200833c2d77192a10716d0;492.6581014;sale;10;2;31;random;new;42;low_risk
T588;0x295d4a1694a54c2eb4cb7b8b266b98e08a06a08c;0x3f4378d89f9c0443a64e0185be01dfd05f0fcdb8;419.8993754;purchase;192.168;4;43;focused;established;26.25;low_risk
T589;0xd04cfec37879b6d912708f4f40999f438b12e739;0x7377472963b82385c32a97735ea236c6db8036d8;748.5812914;sale;172.16;8;124;high_value;veteran;62.5;moderate_risk
T590;0xcf2ac9bdb286c7abe81330e5b5806846bee4cd77;0x3e03c4e2b71316c1cbb0729959b54dd039c38187;107.6520375;purchase;192.168;4;72;focused;established;25;low_risk
T591;0x039ac775da10f6fe035a903a9d3652e110e9243b;0xe10fd2a98505e27f1a320465c0fbb31f142aa706;201.7149303;transfer;192;6;80;high_value;veteran;35;low_risk
T592;0x027d34ed81d38dfc2c8de3f5f05132aa931d25a6;0x2b2fa77928066e722ab488eb396ab21bfb116cbb;350.8530804;purchase;192;5;70;focused;established;26.25;low_risk
T593;0x16cac4488ea52c294dedbdcdb6906fa73a088380;0xd4593947e9b1d5d503caf8ce90102967ac635593;597.6157292;sale;192.168;8;138;high_value;veteran;52.5;low_risk
T594;0xf401a86f5328ad20367b9676544e77b5f4912622;0x563ecd63c5db552023c4de7bdcf5678feaa32ef8;81.10590373;purchase;172.16;2;21;random;new;35;low_risk
T595;0x3f7c2d17d7127e452c261e7b532138cac1eb03f3;0x7372b561d02b46fcc97d7e3a4fad37648db22a32;236.2122209;transfer;192.168;6;133;high_value;veteran;35;low_risk
T596;0x88b8bd8bfa1f2ba63f7c9c3613596b98eee4cfbe;0x927f8801cf6073f5b6da2df4def5f548735e7062;330.0923096;transfer;192;8;113;high_value;veteran;36.75;low_risk
T597;0x4bfe6fa35149db081520aea5e503946572718756;0x06b7ab84b65c20ef760cf7a52903a9c903f61cab;397.634786;transfer;172.16;1;28;random;new;26.25;low_risk
T598;0xbf6f4a14032265e6614cace133738ccaa685e3fe;0xb64d5244310bc31b0b17bbacba340bcd47456e14;93.41578698;purchase;192;4;56;focused;established;25;low_risk
T599;0x86efca58ed0ee25e7d39d38d931bd8c033cf35fc;0xc8dda68e33d50c9f86f75c2f34299d87ea63b4a3;896.4795523;scam;172;1;29;random;new;100;high_risk
T600;0x61beb24799b2955d1faa1a1bb1b6383b88158226;0x9fdcb44555755c529b8f9bddd6a32ab857b38bc9;1001.942363;purchase;10;5;43;focused;established;31.25;low_risk
T601;0x9c90e60ef483c906eaf9b4e7a438b92d56a362f8;0x9ca1dd969472ac5b19801f6d9de531c4ff830f1e;322.3049117;transfer;172;7;156;high_value;veteran;36.75;low_risk
T602;0xf6511ed068459cab3225fb900437fdfae446e53a;0x0ce96e253ce21998420a9e9797a4b6acce9c5ad0;756.518366;transfer;192.168;2;27;random;new;31.25;low_risk
T603;0xe97ac3b49a92a25846e21a6d28da97ab9867b97b;0x6a9ab4e5a03178843826f1dcda742ca41851cffb;423.9390266;scam;192.168;2;31;random;new;94.5;high_risk
T604;0x9acd44c84b1d4d4918f02832ebab61203dee6136;0x2a3fab88aa247b222f23a804d3f4b1437bb6cda7;340.0865337;transfer;192;5;66;focused;established;15.75;low_risk
T605;0x4ec607d0d5683a6e2fa4ca1278205bd81f47ce82;0x84df8a4e93edd124a95b6e0c034cba4b783c9ed9;472.4419833;phishing;172.16;1;28;random;new;100;high_risk
T606;0xca36b5b4d2116e36c06b015c91a428485a47861b;0xd0c1b21a6179c33593158ff9c04d83a6398e3c4f;727.9372903;transfer;172.16;2;23;random;new;31.25;low_risk
T607;0x4976201c394fa2b954bc71953b4d2482054874e3;0x296a2c7ab863e0d414da20c8bb6ec1fdc09efda3;369.2327658;transfer;192;7;134;high_value;veteran;36.75;low_risk
T608;0x2427fcdc1033586ba672780fea1d662e75681dcb;0xb00cb4635987b6c1cc415d8912480bd8f350e1c9;860.1416003;purchase;10;5;57;focused;established;31.25;low_risk
T609;0xe3cba2dd0c1ab1419e3ebdb5babf2f18ec065807;0x6d44f8129b2d4ea707454d8c6ab75b65a4d045c6;415.7276237;transfer;192;7;93;high_value;veteran;36.75;low_risk
T610;0xff4ad17b86a1a52511777aab39db4c94fa4f1753;0xa1154e580cec142f95096507d91a8ca0f85ab5f3;447.1035615;sale;172.16;8;138;high_value;veteran;52.5;low_risk
T611;0x74a8927bbb9f4ca8c0a3feede1b4b890a10342ee;0x8512eac332a2305f0b93e8217e056bea1a0ed617;313.2606988;purchase;172.16;3;61;focused;established;26.25;low_risk
T612;0x12f475db2ca180f94d381b17ff3581b5fd56c8cf;0x80dbc2b0537d0b95d33a9b1113b956ed0b07ea77;551.0274827;sale;172.16;8;150;high_value;veteran;52.5;low_risk
T613;0x8ab85fd67bd0303b956758c1d1cb21a237915aa7;0x4e3bf6cc6fa25ce2b65d184fc14d52f375768e3c;0.01;sale;10;7;142;high_value;veteran;50;low_risk
T614;0x06c60f6dd9f0e6bd96b827ec7f0de00b916e71db;0x41625efc8faf9a45b7e2573215897be5a4753c51;386.5499584;purchase;172.16;1;34;random;new;36.75;low_risk
T615;0xd96f61963ba7d0307dd83162f0756dff47cb436c;0x94ed0de7f781533e80fc25a29c1b613eaf01ac62;768.4304587;scam;192.168;1;36;random;new;100;high_risk
T616;0xe2464122a2d71df4324151c8f7572ef23f5dd0ab;0x56b33aed824151c5e59db2d383277027fc144a02;307.3665847;purchase;10;4;67;focused;established;26.25;low_risk
T617;0x4d21a101a856354db6d3bd5ce56730cc26565e35;0xd08041262c12eb441ffb76d90aac6bbd4ead64f9;476.4897209;purchase;172;1;37;random;new;36.75;low_risk
T618;0xdd2a6104563d84dbf28c974c2532c62a2ab0b6ea;0x1cbae106f89f3cd4d4ba3d4d92cf2caedeb1dbac;353.7522084;sale;192;7;96;high_value;veteran;52.5;low_risk
T619;0xf6c2e5951ed1cb7be46b5ff06e633cc5414df021;0x93bb008f85cf341ef24dd8abc2534aef3142b5e2;325.9570422;sale;192;7;108;high_value;veteran;52.5;low_risk
T620;0xa95498f2142405acf640d6255af53d556192f958;0x23e7d4a7b30c95bd96e091ca63aa6f27a242b2ae;622.8044337;purchase;192.168;5;50;focused;established;26.25;low_risk
T621;0x606f05a1561d08e29f4a943e6b2c48469172c12a;0x11229f1b76e0b0a36aa08911872979e7571de3a2;730.0045418;transfer;172.16;4;77;focused;established;18.75;low_risk
T622;0x66c3c8afa1e2b743474f50cbae197cea84d35d0a;0x9ca1dd969472ac5b19801f6d9de531c4ff830f1e;397.9535927;purchase;10;3;79;focused;established;26.25;low_risk
T623;0xb0b2f6fc707fbb7f9d27a9f4fe0cb0d6b39a0155;0x577754308538f4be10a41afb4f8900cd24d7098f;627.121296;sale;10;7;134;high_value;veteran;52.5;low_risk
T624;0x841342e50c508ec4ffdef9b5208719c1dbed7968;0x507f3b8d26934ef397b4fe3a6a8910186e93005a;623.5583623;sale;192.168;8;121;high_value;veteran;52.5;low_risk
T625;0x4de3598a3ffe26dfbee7d03c2fa26ff3f68e6f18;0xdce371e2762ac4250469f709c5b766e754e2c9a2;520.1262398;phishing;172;1;20;random;new;100;high_risk
T626;0x37075fc63c7e487ab7f09b831952780f1fe221ef;0x62a08fb25dd44f8c7e6150fd79773793d311f43a;187.1838805;purchase;192.168;3;40;focused;established;25;low_risk
T627;0x4f38e26c9996f0314a4d79c4a2874446e719b43a;0x7ccc4627873db3b71960e0cc7814d2f951d6e287;1079.825789;purchase;172;3;73;focused;established;31.25;low_risk
T628;0xb1ccf0d27bb3e844bb692e2577089b2f822d5aad;0x02f1f6230a6978e2b12b2df8224324adcdeed1e0;0.01;sale;192.168;6;117;high_value;veteran;50;low_risk
T629;0x91ee0c3b3f87d070e260f6208c52534d36817dae;0x1cbae106f89f3cd4d4ba3d4d92cf2caedeb1dbac;591.0704157;transfer;172;4;70;focused;established;15.75;low_risk
T630;0xaa9eab5bc49fd4ff7319f0c2342c296c4039ff07;0x68ec59f4c70c9dab08d0a2f3cbde660c660e9350;501.522828;purchase;10;5;41;focused;established;26.25;low_risk
T631;0x02ec34da72ea2232fb449fb91663ab585d6b839a;0x2039d649d1cf690a7161e8cbff11c6f14e70ffa0;554.6915965;purchase;192.168;5;43;focused;established;26.25;low_risk
T632;0x72bf0dfb18e52ecff950c16610aa8f48b66ae942;0xdda7960a274187f8aa0ae1737a6aa9342b244f2f;650.1087712;scam;172.16;1;23;random;new;94.5;high_risk
T633;0x8011f8540db66bcd151239583c14ba727eca9af4;0x4bbd884ec5e7aa4a77600429b3afd91a5146899d;248.6348433;transfer;172.16;2;21;random;new;25;low_risk
T634;0xbf8070e49fd144048c3c13fa0cb14d136252c0c9;0x657d302f6215a1e6ac402ea251013b9a30e90fc5;580.1461301;purchase;172;2;33;random;new;36.75;low_risk
T635;0xdad8e63045b0b55fe351e6b3c6652d995c59fd29;0x56e27223cf51c84ec760411a25d99e031f71e871;983.1969037;transfer;192;2;37;random;new;31.25;low_risk
T636;0xef361793cd6573a2ea89fb9913efb850fa5430f0;0x79c40a2f24b14341b8eca580df4702b5748343fc;409.5471731;purchase;192.168;4;74;focused;established;26.25;low_risk
T637;0xd6ba299fdd52f09f01d9648036ca446498c01ac2;0x00e146b83342807fb6d5ada66b9559de1fcb7635;854.2602716;purchase;192.168;2;29;random;new;43.75;low_risk
T638;0xbf3e3ac02821904c4b43c2f28a5453727b1c2297;0xf401a86f5328ad20367b9676544e77b5f4912622;322.2735012;sale;172;1;30;random;new;42;low_risk
T639;0xfecac86c26e9050f8863e828c4d55f88978c3218;0xda5ed044b1a19ce35aa3bea3aae77c7c455ba83e;929.2299901;transfer;172;4;56;focused;established;18.75;low_risk
T640;0x29a259eef1838e78ad50c54440303e76c80dc888;0x897c07cac7f9149d0be00903c55d810f6e42c9cc;428.9457104;purchase;10;5;50;focused;established;26.25;low_risk
T641;0xcdcace0693e828baa1857ee5b127419bb5e7fc56;0x64694db68cb902406d4c232f4064e49f5bf9b591;244.3529254;sale;192;6;141;high_value;veteran;50;low_risk
T642;0x1eebe7e77f5a8fb67fcb71baff38ec24bfd92f61;0x95a91a4a20a4522edc7bd90efe20287e365b3637;396.1173558;scam;172.16;2;39;random;new;94.5;high_risk
T643;0xbbcf7c51f7a98b178d205e5a104f2b82586a0b3e;0x9acd44c84b1d4d4918f02832ebab61203dee6136;524.4908668;scam;192.168;2;38;random;new;94.5;high_risk
T644;0x9d713685aa4754b4f42042c8fb4e0fccb2bbc9b5;0xfe17058fec943ce187bc5b49ea6fe5e24b632e5e;774.2030121;transfer;172;5;70;focused;established;18.75;low_risk
